상품명,년도,수량
3M 스폰지수세미(135),2023,240.0
3M 철수세미,2023,6624.0
EVA우의(백색),2023,300.0
NBR장갑(10켤레)(L),2023,0.0
NBR장갑(10켤레)(L)(U),2023,0.0
NBR장갑(10켤레)(M),2023,0.0
New태화특대(적),2023,7277.0
New태화특대(투),2023,1900.0
New태화특대(핑),2023,3800.0
PU제전장갑(M)top(10P),2023,0.0
고탄력도트 흰색 대,2023,0.0
고탄력블루 대(L),2023,310.0
고탄력블루 롱-대(L),2023,0.0
고탄력블루 롱-소(S),2023,0.0
고탄력블루 롱-중(M),2023,0.0
고탄력블루 소(S),2023,2640.0
고탄력블루 중(M),2023,910.0
금강산,2023,104200.0
나비검정니트릴위생장갑100매(L),2023,0.0
나비라텍스위생장갑(L),2023,3000.0
나비라텍스위생장갑(M),2023,6000.0
나비라텍스위생장갑(S),2023,3000.0
나비면(메리야스)완전코팅5P,2023,2000.0
나비파랑니트릴위생장갑100매(L),2023,0.0
나비파랑니트릴위생장갑100매(M),2023,3000.0
나이스황이중코팅,2023,29500.0
나이스황이중코팅(제니스)(XL),2023,2900.0
나일론내피(M)청,2023,0.0
나일론내피(M)회(10P),2023,0.0
다목적 접이식 가방,2023,1.0
대광PVC,2023,8955.0
대광TC예식,2023,513333.0
대광고무장갑(M)투,2023,6116.0
대광고무장갑(M)핑,2023,54750.0
대광고무장갑M(300입)적,2023,67020.0
대광고무장갑식품용-콤비(S)투명,2023,-136.0
대광고무장갑주름(L)투,2023,8864.0
대광고무장갑주름(L)핑,2023,54586.0
대광고무장갑특대(XL)투,2023,20.0
대광고무장갑특대(XL)핑,2023,9290.0
대광공업용황10호,2023,52079.0
대광공업용황12호,2023,9993.0
대광공업용황9호,2023,42242.0
대광공업용흑10호,2023,5176.0
대광공업용흑9호,2023,5657.0
대광기누(L)백(10P)(3-4L),2023,442.0
대광기누(L)살(10P),2023,1423.0
대광기누(L)청(10P)(3-2L),2023,11297.0
대광기누(L)커(10P),2023,1290.0
대광기누(L)홍(10P)(3-3L),2023,2910.0
대광기누(M)백(10P),2023,25.0
대광기누(M)살(10P),2023,330.0
대광기누(M)청(10P)(3-2M),2023,5573.0
대광기누(M)커(10P),2023,400.0
대광기누(M)홍(10P)(3-3M),2023,500.0
대광기누(청)상L(10P),2023,350.0
대광기누(청)상M(10P),2023,320.0
대광기모고무장갑,2023,94622.0
대광노랑반코팅(10P),2023,8416.0
대광노랑반코팅(10P)(A),2023,81951.0
대광노랑반코팅(10P)(J)(A),2023,9110.0
대광노랑반코팅(10P)(L)(A),2023,26370.0
대광노랑반코팅(1P)(A),2023,82009.0
대광면완전코팅(오래)(A),2023,101699.0
대광반코팅(10P)10G,2023,147553.0
대광반코팅(10P)10G(T),2023,0.0
대광반코팅(10P)13g,2023,24620.0
대광반코팅(10P)13g(T),2023,0.0
대광밴드예식,2023,52575.0
대광실완전코팅(5P)(영남),2023,1020.0
대광실완전코팅(힘써),2023,30.0
대광실완전코팅(힘써)(A),2023,462616.0
대광실완전코팅(힘써)(L)(A),2023,6200.0
대광실장갑35g(10P),2023,0.0
대광실장갑40g(10P),2023,0.0
대광실장갑45g(10P),2023,0.0
대광실장갑50g(10P),2023,0.0
대광예식(단추),2023,53457.0
대광예식(무단추),2023,17600.0
대광피특대,2023,180.0
대광흰반코팅(10P)(L)(A),2023,6680.0
동원반코팅(10P),2023,2400.0
동원실완전코팅(A),2023,0.0
두말표고무장갑,2023,83546.0
두말표고무장갑(오른손),2023,1000.0
두말표고무장갑(왼손),2023,7450.0
등천,2023,1930.0
레자토시(고무줄),2023,1100.0
레자토시(시보리),2023,1200.0
렉션개나리,2023,13870.0
렉션미니(투명)10P,2023,-280.0
렉션주황12호(여성용),2023,120.0
렉션황10호,2023,100.0
렉션황12호,2023,300.0
로얄블루수입(L)(10P),2023,254.0
로얄블루수입(M)(10P),2023,355.0
로얄블루수입(S)(10P),2023,145.0
마미손(대)오른손하나,2023,1559.0
마미손(대)왼손하나,2023,957.0
마미손(소)오른손하나,2023,-1.0
마미손(소)왼손하나,2023,60.0
마미손(중)오른손하나,2023,1379.0
마미손(중)왼손하나,2023,540.0
마미손골드,2023,24916.0
마미손미니(핑),2023,9600.0
마미손위생50매(국산)-50각(2호),2023,0.0
마미손위생50매(중국)-50각,2023,14350.0
마미손칼라고무장갑(그레이)(L),2023,1400.0
마미손칼라고무장갑(그레이)(M),2023,0.0
마미손칼라고무장갑(그린)(L),2023,900.0
마미손클래식,2023,4498.0
마미손특대(적),2023,14978.0
마미손특대(투),2023,330.0
마미손특대오른손2개(100입),2023,0.0
마미손특대왼손2개(100입),2023,0.0
마미손패스,2023,15399.0
마미손플라워,2023,5690.0
마미손핑크밴드,2023,9109.0
마미손화이트,2023,6400.0
마이핸고무장갑신단보,2023,400.0
마이핸고무장갑왕신단보,2023,0.0
마이핸니트릴위생장갑100매(L),2023,0.0
마이핸니트릴위생장갑100매(M),2023,0.0
마이핸미니(L)노(10P),2023,0.0
마이핸미니(L)투(10P),2023,0.0
마이핸미니(M)노(10P),2023,0.0
마이핸미니(M)투(10P),2023,0.0
마이핸미니(S)노(10P),2023,0.0
마이핸미니(S)투(10P),2023,0.0
마이핸미용(L),2023,0.0
마이핸미용(M),2023,0.0
마이핸미용(S),2023,0.0
마이핸프리미엄100매(라텍스위생)(L),2023,0.0
멀티등외품,2023,14600.0
멀티등외품(A),2023,13400.0
메란지내피(L)오바록,2023,221784.0
메란지내피(M)오바록,2023,152800.0
메란지내피(S)오바록,2023,90700.0
면마스크(백색)(A),2023,200.0
백나일론(남성용)10P,2023,350.0
백나일론(해광)10P,2023,7420.0
백보루,2023,1285.0
봉지철,2023,9200.0
빠레트 운임 할인분,2023,0.0
새마을노랑반코팅,2023,500.0
새마을도트(대)검10P,2023,895.0
새마을도트(대)적10P,2023,22.0
새마을도트(대)파10P,2023,200.0
새마을도트(대)회10P,2023,543.0
새마을도트(소)검10P,2023,189.0
새마을도트(소)적10P,2023,0.0
새마을도트(소)파10P,2023,40.0
새마을도트(소)회10P,2023,63.0
새마을도트(중)검10P,2023,1190.0
새마을도트(중)백10P,2023,0.0
새마을도트(중)적10P,2023,138.0
새마을도트(중)파10P,2023,212.0
새마을도트(중)회10P,2023,544.0
새마을면완전코팅,2023,8700.0
새마을실완전코팅,2023,9300.0
새마을이중코팅,2023,163480.0
손사랑T/C예식(1000입),2023,581440.0
손사랑반코팅(10P),2023,80002.0
솔벡스(GN-8호),2023,360.0
솔벡스10호,2023,600.0
스카지,2023,14100.0
스텐집게,2023,458.0
실장갑40g(10P)(A),2023,28470.0
실장갑40g(10P)(여성용)(A),2023,1280.0
실장갑45g(10P),2023,40668.0
실장갑45g(10P)(A),2023,7910.0
실장갑45g(10P)(U),2023,0.0
실장갑50g(10P),2023,15334.0
쎄라손고무장갑신단보,2023,11121.0
쎄라손고무장갑왕신단보,2023,77180.0
쎄라손노랑반코팅(10P),2023,0.0
쎄라손미니(L)노(10P),2023,1901.0
쎄라손미니(L)투(10P),2023,4914.0
쎄라손미니(M)노(10P),2023,2165.0
쎄라손미니(M)투(10P),2023,2625.0
쎄라손미니(S)노(10P),2023,420.0
쎄라손미니(S)투(10P),2023,786.0
쎄라손미용(L),2023,381444.0
쎄라손미용(M),2023,602830.0
쎄라손미용(S),2023,384121.0
쎄라손반코팅(10P),2023,215971.0
쎄라손흰반코팅(10P),2023,0.0
아르곤 갈색 내피,2023,1295.0
아르곤 백색 덧내피,2023,950.0
아르곤 회색 돈피,2023,80.0
어린이장갑30매,2023,0.0
오라이트왕특대(투),2023,3150.0
오런 바로톡메디장갑125매(L),2023,0.0
오런 바로톡메디장갑125매(M),2023,0.0
오런 바로톡메디장갑125매(S),2023,0.0
오런#100(L),2023,9725.0
오런#100(XL),2023,37088.0
오런#100(XXL),2023,11884.0
오런#200(절단방지내피)(L),2023,1070.0
오런#200(절단방지내피)(M),2023,1654.0
오런NBR장갑(10켤레)(L)(U),2023,0.0
오런NBR장갑(10켤레)(M)(U),2023,0.0
오런검정니트릴위생장갑100매(L),2023,40731.0
오런검정니트릴위생장갑100매(M),2023,67034.0
오런검정니트릴위생장갑100매(S),2023,31303.0
오런검정니트릴위생장갑100매(XL),2023,1397.0
오런고탄력PU(L)검 손바닥(10P),2023,219.0
오런고탄력PU(L)검 손바닥(10P)(U),2023,0.0
오런고탄력PU(L)백 손바닥(10P),2023,250.0
오런고탄력PU(L)회 손바닥(10P),2023,1230.0
오런고탄력PU(L)회 손바닥(10P)(U),2023,0.0
오런고탄력PU(L)회 손바닥(10P)(U)(A),2023,0.0
오런고탄력PU(M)검 손바닥(10P),2023,488.0
오런고탄력PU(M)검 손바닥(10P)(U),2023,0.0
오런고탄력PU(M)백 손바닥(10P),2023,13.0
오런고탄력PU(M)회 손끝(10P),2023,53.0
오런고탄력PU(M)회 손바닥(10P),2023,1083.0
오런고탄력PU(M)회 손바닥(10P)(U),2023,0.0
오런고탄력PU(M)회 손바닥(10P)(U)(A),2023,0.0
오런고탄력PU(S)검 손바닥(10P),2023,394.0
오런고탄력PU(S)검 손바닥(10P)(U),2023,0.0
오런고탄력PU(S)회 손끝(10P),2023,65.0
오런고탄력PU(S)회 손바닥(10P),2023,519.0
오런고탄력PU(S)회 손바닥(10P)(U),2023,0.0
오런고탄력PU(S)회 손바닥(10P)(U)(A),2023,0.0
오런고탄력PU(XL)검 손바닥(10P),2023,63.0
오런고탄력PU(XL)검 손바닥(10P)(U),2023,0.0
오런고탄력PU(XL)회 손바닥(10P),2023,250.0
오런고탄력PU(XL)회 손바닥(10P)(U),2023,0.0
오런고탄력도트(L)검,2023,11880.0
오런고탄력도트(L)백,2023,9470.0
오런고탄력도트(L)회,2023,20563.0
오런고탄력도트(M)검,2023,11105.0
오런고탄력도트(M)백,2023,26919.0
오런고탄력도트(M)회,2023,28600.0
오런고탄력도트(S)검,2023,8612.0
오런고탄력도트(S)백,2023,14450.0
오런고탄력도트(S)회,2023,19070.0
오런고탄력블루(L)long(U),2023,2891.0
오런고탄력블루(M)long(U),2023,4203.0
오런고탄력블루(S)long(U),2023,4026.0
오런고탄력블루1P(L)(U),2023,28660.0
오런고탄력블루1P(M)(U),2023,47445.0
오런고탄력블루1P(S)(U),2023,44043.0
오런기사님3P,2023,9892.0
오런니트릴위생20매(L)화이트,2023,9685.0
오런니트릴위생20매(M)화이트,2023,15187.0
오런니트릴위생20매(S)화이트,2023,7002.0
오런라이트(L)회,2023,161171.0
오런라이트(M)회,2023,115983.0
오런라이트(S)회,2023,65384.0
오런라이트B급,2023,406.0
오런라텍스위생장갑100매(L),2023,38662.0
오런라텍스위생장갑100매(M),2023,81427.0
오런라텍스위생장갑100매(S),2023,38556.0
오런라텍스위생장갑10매(M)(RRP),2023,39708.0
오런멀티1P(L)검,2023,111015.0
오런멀티1P(L)남색,2023,12467.0
오런멀티1P(L)회,2023,70769.0
오런멀티1P(M)검,2023,110332.0
오런멀티1P(M)회,2023,39109.0
오런멀티1P(S)검,2023,73051.0
오런멀티1P(S)자주,2023,7911.0
오런멀티1P(S)회,2023,23226.0
오런멀티5P(L)검,2023,9059.0
오런멀티5P(L)적,2023,170.0
오런멀티5P(L)회,2023,5442.0
오런멀티5P(M)검,2023,12658.0
오런멀티5P(M)적,2023,101.0
오런멀티5P(M)회,2023,6683.0
오런멀티5P(S)검,2023,9588.0
오런멀티5P(S)회,2023,3203.0
오런반코팅10P,2023,12390.0
오런반코팅1P,2023,3900.0
오런반코팅3P(신규바코드),2023,8777.0
오런소프트(L)파,2023,11989.0
오런소프트(M)파,2023,11199.0
오런소프트(S)파,2023,3612.0
오런실장갑10P(A),2023,9460.0
오런실장갑1P(New),2023,15000.0
오런실장갑32g(10P),2023,0.0
오런실장갑35죽포(10P),2023,104065.0
오런실장갑35죽포(10P)(A),2023,53990.0
오런실장갑35죽포(10P)(U),2023,0.0
오런실장갑37g-연두(10P),2023,0.0
오런실장갑3P,2023,10426.0
오런실장갑42g(10P)영남(A),2023,29130.0
오런실장갑42g(10P)영남(Y),2023,0.0
오런실장갑42g-주황(10P),2023,0.0
오런실장갑47g-빨강(10P),2023,0.0
오런실장갑52g-초록(10P),2023,0.0
오런실장갑60g(10P),2023,0.0
오런알로에텍스위생10매(M),2023,-1200.0
오런에어폼(L)회,2023,13715.0
오런에어폼(L)회_걸이,2023,0.0
오런에어폼(M)하늘,2023,150.0
오런에어폼(M)회,2023,15559.0
오런에어폼(M)회_걸이,2023,0.0
오런에어폼(S)핑,2023,-230.0
오런에어폼(S)회,2023,12508.0
오런에어폼(S)회_걸이,2023,0.0
오런예식10P(영남),2023,6000.0
오런오렌지이중코팅(A),2023,0.0
오런오렌지황이중코팅,2023,0.0
오런오렌지황이중코팅(A),2023,65540.0
오런용접장갑(소),2023,0.0
오런줄기사3P,2023,1040.0
오런청포도이중코팅,2023,100.0
오런청포도이중코팅(A),2023,517013.0
오런커피위생(L)10P,2023,840.0
오런커피위생(M)10P,2023,2280.0
오런탑(M)하늘,2023,500.0
오런탑(S)핑크,2023,410.0
오런탑도트(L)회,2023,26111.0
오런탑도트(M)하늘,2023,1113.0
오런탑도트(M)회,2023,40066.0
오런탑도트(S)회,2023,39734.0
오런토시2P,2023,351.0
오런톡톡니트릴125매(L)검정,2023,0.0
오런톡톡니트릴125매(L)화이트,2023,0.0
오런톡톡니트릴125매(M)검정,2023,0.0
오런톡톡니트릴125매(M)화이트,2023,0.0
오런톡톡니트릴125매(S)검정,2023,0.0
오런톡톡니트릴125매(S)화이트,2023,0.0
오런투라인10P(영남),2023,3540.0
오런투라인장갑10P(식자재),2023,2139.0
오런파랑니트릴위생장갑100매(L),2023,10942.0
오런파랑니트릴위생장갑100매(M),2023,12144.0
오런파랑니트릴위생장갑100매(S),2023,6588.0
오런포리PU(L)검 손바닥(10P)(U),2023,10907.0
오런포리PU(L)검1P(U),2023,17279.0
오런포리PU(L)백 손끝(10P),2023,809.0
오런포리PU(L)백 손끝(10P)(U),2023,0.0
오런포리PU(L)백 손바닥(10P)(A),2023,954.0
오런포리PU(L)백 손바닥(10P)(U),2023,0.0
오런포리PU(L)회 손끝(10P),2023,5968.0
오런포리PU(L)회 손끝(10P)(U),2023,27.0
오런포리PU(L)회 손바닥(10P)(A),2023,14300.0
오런포리PU(L)회 손바닥(10P)(U),2023,0.0
오런포리PU(L)회1P(U),2023,14074.0
"오런포리PU(L)회손바닥(10P)(A)""바코드작업",2023,750.0
오런포리PU(L)회손바닥(10P)(U)바코드작업,2023,0.0
오런포리PU(M)검 손바닥(10P)(U),2023,11695.0
오런포리PU(M)검1P(U),2023,18698.0
오런포리PU(M)백 손끝(10P),2023,1472.0
오런포리PU(M)백 손끝(10P)(U),2023,0.0
오런포리PU(M)백 손바닥(10P)(A),2023,953.0
오런포리PU(M)백 손바닥(10P)(U),2023,0.0
오런포리PU(M)회 손끝(10P),2023,8903.0
오런포리PU(M)회 손끝(10P)(U),2023,0.0
오런포리PU(M)회 손바닥(10P)(A),2023,12604.0
오런포리PU(M)회 손바닥(10P)(U),2023,0.0
오런포리PU(M)회1P(U),2023,16684.0
"오런포리PU(M)회손바닥(10P)(A)""바코드작업",2023,650.0
오런포리PU(M)회손바닥(10P)(U)바코드작업,2023,0.0
오런포리PU(S)검 손바닥(10P)(U),2023,4539.0
오런포리PU(S)검1P(U),2023,9120.0
오런포리PU(S)백 손끝(10P),2023,2857.0
오런포리PU(S)백 손끝(10P)(U),2023,0.0
오런포리PU(S)백 손바닥(10P),2023,0.0
오런포리PU(S)백 손바닥(10P)(A),2023,1020.0
오런포리PU(S)백 손바닥(10P)(U),2023,0.0
오런포리PU(S)회 손끝(10P),2023,7924.0
오런포리PU(S)회 손끝(10P)(U),2023,84.0
오런포리PU(S)회 손바닥(10P)(U),2023,6049.0
오런포리PU(S)회1P(U),2023,6997.0
오런포리PU(XL)검 손바닥(10P)(A),2023,288.0
오런포리PU(XL)검 손바닥(10P)(U),2023,0.0
오런포리PU(XL)회 손바닥(10P)(A),2023,405.0
오런포리PU(XL)회 손바닥(10P)(U),2023,0.0
오런포리도트(L)회,2023,8810.0
오런포리도트(M)회,2023,75092.0
오런포리도트(S)회,2023,53500.0
오런표백도트장갑10P(식자재),2023,580.0
오런표백실장갑5P(영남),2023,2400.0
오런하늘코팅(M),2023,51196.0
오런행사용장갑10P(식자재),2023,2230.0
오런행사용장갑2P(밴드),2023,5950.0
용접소(내피무),2023,42.0
우의 백색,2023,16500.0
위생장갑(하품),2023,7500.0
은박방수토시(고무줄),2023,1990.0
은박방수토시(시보리),2023,3857.0
응원장갑(청),2023,0.0
잡보루,2023,1235.0
절단방지코팅장갑(CUT3)(L)백색,2023,0.0
절단방지코팅장갑(L),2023,40.0
절단방지코팅장갑(L)1P,2023,0.0
절단방지코팅장갑(M),2023,141.0
줄기사10g(10P),2023,960.0
지연입고 상금,2023,0.0
진광말표(핑),2023,1660.0
찔레꽃 망사 밤색,2023,306.0
찔레꽃 망사 흑색,2023,609.0
찔레꽃면장갑,2023,7240.0
찔레꽃면장갑(검정),2023,590.0
천일 메니큐어(L),2023,1000.0
천일 메니큐어(M),2023,1500.0
천일도트,2023,5610.0
천일표,2023,165400.0
청앞치마(중),2023,260.0
청토시(100입),2023,12080.0
청토시(100입)겨울용,2023,470.0
청포도 + 오렌지 작업 필요,2023,0.0
코스모스,2023,500.0
크린랲 위생 50매,2023,4600.0
크린랲간편고무장갑(10컬레),2023,53460.0
크린랲면장갑10켤레(1호),2023,4710.0
크린랲면장갑10켤레(2호),2023,5130.0
크린랲면장갑3켤레,2023,29500.0
크린랲미니,2023,1360.0
크린랲반코팅장갑10켤레,2023,10350.0
크린랲반코팅장갑3켤레,2023,19400.0
크린랲엠보싱장갑2켤레,2023,7800.0
크린랲예식장갑2켤레,2023,37200.0
크린랲완전코팅,2023,2200.0
크린랲투라인장갑3켤레,2023,19000.0
키친센스(손목긴위생),2023,300.0
태화(L)대(적),2023,18256.0
태화(L)대(투),2023,4090.0
태화(L)대(핑),2023,3200.0
태화XL특대(적),2023,9730.0
태화XL특대(투),2023,3469.0
태화XL특대(핑),2023,2218.0
태화꽃밴(적),2023,12520.0
태화꽃밴(투),2023,13680.0
태화꽃밴(핑),2023,52058.0
태화단보,2023,4097.0
태화롤백(소)500매,2023,886.0
태화롤백(중)500매,2023,1299.0
태화롤팩(대)500매,2023,773.0
태화마파,2023,9575.0
태화미니,2023,7037.0
태화선밴(적),2023,2660.0
태화선밴(투),2023,25600.0
태화선밴(핑),2023,64247.0
태화올A,2023,20785.0
태화위생100매,2023,1290.0
태화위생200매,2023,9420.0
태화위생50매,2023,13600.0
태화팩(대),2023,850.0
태화팩(소),2023,2550.0
태화팩(중),2023,3050.0
토시,2023,124924.0
파일럿2-3(무단추),2023,0.0
파일럿2-6(단추),2023,30800.0
파일럿2-6K(무단추),2023,116688.0
파일럿TC(단추),2023,4000.0
편안손특대(투),2023,5250.0
포리내피(L)검(10P),2023,801.0
포리내피(L)백(10P),2023,400.0
포리내피(L)회(10P),2023,4008.0
포리내피(M)검(10P),2023,1329.0
포리내피(M)백(10P),2023,2702.0
포리내피(M)회(10P),2023,7383.0
포리내피(S)검(10P),2023,615.0
포리내피(S)백(10P),2023,455.0
포리내피(S)회(10P),2023,2725.0
표백도트장갑(10P),2023,2109.0
표백실장갑(10P),2023,3750.0
한스피엠아이 메디 차액 정산,2023,0.0
화로장갑(L)(1P),2023,7.0
화로장갑(M)(1P),2023,30.0
화로장갑(long)(L)(1P),2023,11.0
화로장갑(long)(M)(1P),2023,0.0
화이트앤블랙장갑100매(L),2023,0.0
화이트앤블랙장갑100매(M),2023,0.0
화이트앤블랙장갑100매(S),2023,0.0
후디스PU코팅(L)(검)1P(신규바코드),2023,3400.0
후디스PU코팅(L)(회)1P(신규바코드),2023,120.0
후디스PU코팅(L)회1P,2023,360.0
후디스PU코팅(M)(검)1P(신규바코드),2023,2830.0
후디스PU코팅(M)(회)1P(신규바코드),2023,120.0
후디스PU코팅(S)(검)1P(신규바코드),2023,1350.0
후디스PU코팅(S)(회)1P(신규바코드),2023,120.0
후디스고무장갑(L)투(5P)(A),2023,0.0
"후디스고무장갑(L)핑(5P) ""바코드작업""",2023,540.0
후디스고무장갑(L)핑(5P)(A),2023,0.0
후디스고무장갑(M)적,2023,11788.0
후디스고무장갑(M)적(5P),2023,0.0
후디스고무장갑(M)투,2023,29389.0
후디스고무장갑(M)투(5P)(A),2023,0.0
후디스고무장갑(M)투(A),2023,0.0
후디스고무장갑(M)핑,2023,66866.0
후디스고무장갑(M)핑 왼손,2023,32.0
"후디스고무장갑(M)핑(5P) ""바코드작업""",2023,740.0
후디스고무장갑(M)핑(5P)(A),2023,0.0
후디스고무장갑(S)투(5P)(A),2023,0.0
후디스고무장갑(S)핑,2023,3900.0
"후디스고무장갑(S)핑(5P) ""바코드작업""",2023,600.0
후디스고무장갑(S)핑(5P)(A),2023,0.0
후디스고무장갑(S)핑(A),2023,0.0
후디스고무장갑(XL)투(5P)(A),2023,0.0
"후디스고무장갑(XL)핑(5P)""바코드작업""",2023,340.0
후디스고무장갑(XL)핑(5P)(A),2023,0.0
후디스고무장갑2+1(대),2023,8184.0
후디스고무장갑2+1(소)투명,2023,1974.0
후디스고무장갑2+1(소)핑크,2023,3298.0
후디스고무장갑2+1(중),2023,9966.0
후디스고무장갑식품용,2023,575141.0
후디스고무장갑왕특대(XXL)투,2023,28865.0
후디스고무장갑왕특대(XXL)핑,2023,21863.0
후디스고무장갑주름(L)적,2023,23902.0
후디스고무장갑주름(L)투,2023,129761.0
후디스고무장갑주름(L)핑,2023,107783.0
후디스고무장갑주름(L)핑 오른손,2023,0.0
후디스고무장갑주름(L)핑 왼손,2023,100.0
후디스고무장갑주름(L)핑(A),2023,0.0
후디스고무장갑주름(L)핑(N),2023,0.0
후디스고무장갑특대(적),2023,21594.0
후디스고무장갑특대(투),2023,73993.0
후디스고무장갑특대(핑),2023,81287.0
후디스노랑반코팅(13g),2023,196217.0
후디스다용도미니3P(노랑),2023,7852.0
후디스다용도미니3P(백색),2023,5434.0
후디스더블NBR(L)적,2023,2921.0
후디스더블NBR(L)파,2023,11224.0
후디스더블NBR(L)파(오른손1개),2023,0.0
후디스더블NBR(L)파(왼손1개),2023,0.0
후디스더블NBR(M)적,2023,2851.0
후디스더블NBR(M)파,2023,9666.0
후디스더블NBR(S)검,2023,120.0
후디스더블NBR(S)적,2023,617.0
후디스더블NBR(S)파,2023,4129.0
후디스면장갑1호(단추),2023,9386.0
후디스면장갑1호(무단추),2023,59870.0
후디스면장갑1호(무단추)(여성용),2023,6000.0
후디스면장갑1호(밴드),2023,14400.0
후디스면장갑2P(슈퍼용),2023,500.0
후디스면장갑2호(단추),2023,58000.0
후디스면장갑2호(무단추),2023,3320.0
후디스면장갑2호(밴드),2023,40040.0
후디스면장갑3호(단추),2023,95497.0
후디스면장갑3호(단추)(납품용),2023,168000.0
후디스면장갑3호(무단추),2023,15310.0
후디스면장갑4호,2023,77765.0
후디스면장갑4호(여성용),2023,1000.0
후디스면장갑왕특단(무단추),2023,7506.0
후디스미니(L)노(10P),2023,18987.0
"후디스미니(L)노(10P) ""바코드작업""",2023,240.0
후디스미니(L)흰(10P),2023,37415.0
후디스미니(S)노(10P),2023,9333.0
"후디스미니(S)노(10P) ""바코드작업""",2023,420.0
후디스미니(S)흰(10P),2023,22119.0
후디스미니(free)노(10P)(M)(A),2023,16328.0
후디스미니(free)흰(10P)(M)(A),2023,30868.0
후디스반코팅(10P)(J),2023,5277.0
후디스반코팅(10P)(J)영남,2023,360.0
후디스실장갑2P,2023,1980.0
후디스실장갑32g(10P),2023,33529.0
후디스실장갑37g(10P)영남(Y),2023,0.0
후디스실장갑37g-연두(10P),2023,267606.0
후디스실장갑42g-주황(10P),2023,95410.0
후디스실장갑47g-빨강(10P),2023,118261.0
후디스실장갑52g-녹색(10P),2023,24984.0
후디스실장갑60g(10P),2023,11891.0
후디스에어폼(L)적,2023,4631.0
후디스에어폼(L)파,2023,26772.0
후디스에어폼(M)적,2023,3424.0
후디스에어폼(M)파,2023,13834.0
후디스에어폼(S)검,2023,220.0
후디스에어폼(S)적,2023,646.0
후디스에어폼(S)파,2023,9068.0
후디스에어폼내피(L)파,2023,30030.0
후디스에어폼내피(S)파,2023,20274.0
후디스엠보싱(노랑)기모,2023,14631.0
후디스엠보싱(노랑)사계(10-8A),2023,83824.0
후디스엠보싱(노랑)여성용(사계),2023,540.0
후디스엠보싱(노랑)여성용(하계),2023,40.0
후디스엠보싱(노랑)하계,2023,25232.0
후디스엠보싱(백색)하계,2023,100.0
후디스엠보싱(적색)사계(10-8AAA),2023,12809.0
후디스엠보싱(적색)여성용(사계),2023,240.0
후디스엠보싱(적색)여성용(하계),2023,0.0
후디스엠보싱(적색)하계,2023,4360.0
후디스엠보싱(초록)사계(10-8AA),2023,19329.0
후디스엠보싱(초록)하계,2023,5890.0
후디스엠보싱(파랑)기모,2023,1530.0
후디스엠보싱(파랑)사계(10-8AAAA),2023,18955.0
후디스엠보싱(파랑)하계,2023,6328.0
후디스엠보싱장갑2P,2023,10.0
후디스위생200매,2023,5120.0
후디스위생50매,2023,65847.0
후디스장갑(M)핑오른손1개,2023,7329.0
후디스장갑(M)핑왼손1개,2023,2588.0
후디스장갑주름(L)핑오른손1개,2023,5009.0
후디스장갑주름(L)핑왼손1개,2023,1776.0
후디스줄기사10g,2023,259757.0
후디스줄기사13g,2023,11030.0
후디스줄기사13g(A),2023,413679.0
후디스쿨토시(검정),2023,14167.0
후디스쿨토시(남색),2023,724.0
후디스쿨토시(민트),2023,1.0
후디스쿨토시(백색),2023,8312.0
후디스쿨토시(보라),2023,743.0
후디스쿨토시(연핑크),2023,777.0
후디스쿨토시(초록),2023,2.0
후디스쿨토시(카키),2023,403.0
후디스쿨토시(파랑),2023,2545.0
후디스쿨토시(하늘),2023,1542.0
후디스쿨토시(회색),2023,5393.0
후디스토시1P,2023,33429.0
후디스표백도트장갑1P,2023,135957.0
후디스하프,2023,15539.0
후디스흰반코팅(13g),2023,40590.0
3M 스폰지수세미(135),2024,120.0
3M 철수세미,2024,9600.0
EVA우의(백색),2024,100.0
NBR장갑(10켤레)(L),2024,190.0
NBR장갑(10켤레)(L)(U),2024,0.0
NBR장갑(10켤레)(M),2024,220.0
New태화특대(적),2024,6197.0
New태화특대(투),2024,2770.0
New태화특대(핑),2024,3500.0
PU제전장갑(M)top(10P),2024,15.0
고탄력도트 흰색 대,2024,0.0
고탄력블루 대(L),2024,470.0
고탄력블루 롱-대(L),2024,40.0
고탄력블루 롱-소(S),2024,140.0
고탄력블루 롱-중(M),2024,20.0
고탄력블루 소(S),2024,4280.0
고탄력블루 중(M),2024,1360.0
금강산,2024,107800.0
나비검정니트릴위생장갑100매(L),2024,3000.0
나비라텍스위생장갑(L),2024,2998.0
나비라텍스위생장갑(M),2024,3000.0
나비라텍스위생장갑(S),2024,3000.0
나비면(메리야스)완전코팅5P,2024,6000.0
나비파랑니트릴위생장갑100매(L),2024,3000.0
나비파랑니트릴위생장갑100매(M),2024,3000.0
나이스황이중코팅,2024,23400.0
나이스황이중코팅(제니스)(XL),2024,0.0
나일론내피(M)청,2024,560.0
나일론내피(M)회(10P),2024,0.0
다목적 접이식 가방,2024,0.0
대광PVC,2024,6033.0
대광TC예식,2024,508286.0
대광고무장갑(M)투,2024,6196.0
대광고무장갑(M)핑,2024,57465.0
대광고무장갑M(300입)적,2024,70856.0
대광고무장갑식품용-콤비(S)투명,2024,-401.0
대광고무장갑주름(L)투,2024,10664.0
대광고무장갑주름(L)핑,2024,51981.0
대광고무장갑특대(XL)투,2024,0.0
대광고무장갑특대(XL)핑,2024,15246.0
대광공업용황10호,2024,57908.0
대광공업용황12호,2024,10927.0
대광공업용황9호,2024,44660.0
대광공업용흑10호,2024,5420.0
대광공업용흑9호,2024,4376.0
대광기누(L)백(10P)(3-4L),2024,827.0
대광기누(L)살(10P),2024,1028.0
대광기누(L)청(10P)(3-2L),2024,9987.0
대광기누(L)커(10P),2024,912.0
대광기누(L)홍(10P)(3-3L),2024,2098.0
대광기누(M)백(10P),2024,152.0
대광기누(M)살(10P),2024,253.0
대광기누(M)청(10P)(3-2M),2024,4740.0
대광기누(M)커(10P),2024,267.0
대광기누(M)홍(10P)(3-3M),2024,472.0
대광기누(청)상L(10P),2024,380.0
대광기누(청)상M(10P),2024,70.0
대광기모고무장갑,2024,82468.0
대광노랑반코팅(10P),2024,5905.0
대광노랑반코팅(10P)(A),2024,58396.0
대광노랑반코팅(10P)(J)(A),2024,38295.0
대광노랑반코팅(10P)(L)(A),2024,33646.0
대광노랑반코팅(1P)(A),2024,78703.0
대광면완전코팅(오래)(A),2024,120820.0
대광반코팅(10P)10G,2024,156820.0
대광반코팅(10P)10G(T),2024,0.0
대광반코팅(10P)13g,2024,18492.0
대광반코팅(10P)13g(T),2024,0.0
대광밴드예식,2024,68329.0
대광실완전코팅(5P)(영남),2024,870.0
대광실완전코팅(힘써),2024,0.0
대광실완전코팅(힘써)(A),2024,498072.0
대광실완전코팅(힘써)(L)(A),2024,200.0
대광실장갑35g(10P),2024,0.0
대광실장갑40g(10P),2024,0.0
대광실장갑45g(10P),2024,0.0
대광실장갑50g(10P),2024,0.0
대광예식(단추),2024,43181.0
대광예식(무단추),2024,23430.0
대광피특대,2024,270.0
대광흰반코팅(10P)(L)(A),2024,11120.0
동원반코팅(10P),2024,600.0
동원실완전코팅(A),2024,1000.0
두말표고무장갑,2024,75519.0
두말표고무장갑(오른손),2024,1750.0
두말표고무장갑(왼손),2024,7500.0
등천,2024,1720.0
레자토시(고무줄),2024,1399.0
레자토시(시보리),2024,1200.0
렉션개나리,2024,12440.0
렉션미니(투명)10P,2024,120.0
렉션주황12호(여성용),2024,420.0
렉션황10호,2024,300.0
렉션황12호,2024,300.0
로얄블루수입(L)(10P),2024,195.0
로얄블루수입(M)(10P),2024,250.0
로얄블루수입(S)(10P),2024,143.0
마미손(대)오른손하나,2024,1140.0
마미손(대)왼손하나,2024,1740.0
마미손(소)오른손하나,2024,0.0
마미손(소)왼손하나,2024,0.0
마미손(중)오른손하나,2024,1380.0
마미손(중)왼손하나,2024,960.0
마미손골드,2024,25179.0
마미손미니(핑),2024,6430.0
마미손위생50매(국산)-50각(2호),2024,7900.0
마미손위생50매(중국)-50각,2024,13150.0
마미손칼라고무장갑(그레이)(L),2024,1000.0
마미손칼라고무장갑(그레이)(M),2024,0.0
마미손칼라고무장갑(그린)(L),2024,1400.0
마미손클래식,2024,3750.0
마미손특대(적),2024,19900.0
마미손특대(투),2024,300.0
마미손특대오른손2개(100입),2024,0.0
마미손특대왼손2개(100입),2024,0.0
마미손패스,2024,13890.0
마미손플라워,2024,3900.0
마미손핑크밴드,2024,9400.0
마미손화이트,2024,7680.0
마이핸고무장갑신단보,2024,0.0
마이핸고무장갑왕신단보,2024,0.0
마이핸니트릴위생장갑100매(L),2024,0.0
마이핸니트릴위생장갑100매(M),2024,0.0
마이핸미니(L)노(10P),2024,0.0
마이핸미니(L)투(10P),2024,0.0
마이핸미니(M)노(10P),2024,0.0
마이핸미니(M)투(10P),2024,0.0
마이핸미니(S)노(10P),2024,0.0
마이핸미니(S)투(10P),2024,0.0
마이핸미용(L),2024,0.0
마이핸미용(M),2024,0.0
마이핸미용(S),2024,0.0
마이핸프리미엄100매(라텍스위생)(L),2024,0.0
멀티등외품,2024,1500.0
멀티등외품(A),2024,9300.0
메란지내피(L)오바록,2024,182000.0
메란지내피(M)오바록,2024,124000.0
메란지내피(S)오바록,2024,54000.0
면마스크(백색)(A),2024,150.0
백나일론(남성용)10P,2024,0.0
백나일론(해광)10P,2024,10900.0
백보루,2024,1445.0
봉지철,2024,8900.0
빠레트 운임 할인분,2024,0.0
새마을노랑반코팅,2024,300.0
새마을도트(대)검10P,2024,982.0
새마을도트(대)적10P,2024,19.0
새마을도트(대)파10P,2024,157.0
새마을도트(대)회10P,2024,557.0
새마을도트(소)검10P,2024,175.0
새마을도트(소)적10P,2024,10.0
새마을도트(소)파10P,2024,20.0
새마을도트(소)회10P,2024,25.0
새마을도트(중)검10P,2024,1008.0
새마을도트(중)백10P,2024,0.0
새마을도트(중)적10P,2024,69.0
새마을도트(중)파10P,2024,163.0
새마을도트(중)회10P,2024,545.0
새마을면완전코팅,2024,6600.0
새마을실완전코팅,2024,6800.0
새마을이중코팅,2024,103520.0
손사랑T/C예식(1000입),2024,577103.0
손사랑반코팅(10P),2024,71667.0
솔벡스(GN-8호),2024,470.0
솔벡스10호,2024,876.0
스카지,2024,14500.0
스텐집게,2024,419.0
실장갑40g(10P)(A),2024,25790.0
실장갑40g(10P)(여성용)(A),2024,480.0
실장갑45g(10P),2024,31291.0
실장갑45g(10P)(A),2024,9640.0
실장갑45g(10P)(U),2024,0.0
실장갑50g(10P),2024,13170.0
쎄라손고무장갑신단보,2024,29300.0
쎄라손고무장갑왕신단보,2024,49511.0
쎄라손노랑반코팅(10P),2024,0.0
쎄라손미니(L)노(10P),2024,1349.0
쎄라손미니(L)투(10P),2024,3821.0
쎄라손미니(M)노(10P),2024,950.0
쎄라손미니(M)투(10P),2024,3176.0
쎄라손미니(S)노(10P),2024,635.0
쎄라손미니(S)투(10P),2024,1285.0
쎄라손미용(L),2024,371336.0
쎄라손미용(M),2024,541072.0
쎄라손미용(S),2024,440010.0
쎄라손반코팅(10P),2024,198752.0
쎄라손흰반코팅(10P),2024,0.0
아르곤 갈색 내피,2024,1250.0
아르곤 백색 덧내피,2024,1060.0
아르곤 회색 돈피,2024,40.0
어린이장갑30매,2024,0.0
오라이트왕특대(투),2024,1700.0
오런 바로톡메디장갑125매(L),2024,0.0
오런 바로톡메디장갑125매(M),2024,0.0
오런 바로톡메디장갑125매(S),2024,0.0
오런#100(L),2024,12041.0
오런#100(XL),2024,42613.0
오런#100(XXL),2024,13164.0
오런#200(절단방지내피)(L),2024,40.0
오런#200(절단방지내피)(M),2024,1330.0
오런NBR장갑(10켤레)(L)(U),2024,0.0
오런NBR장갑(10켤레)(M)(U),2024,0.0
오런검정니트릴위생장갑100매(L),2024,50463.0
오런검정니트릴위생장갑100매(M),2024,83073.0
오런검정니트릴위생장갑100매(S),2024,37329.0
오런검정니트릴위생장갑100매(XL),2024,1717.0
오런고탄력PU(L)검 손바닥(10P),2024,286.0
오런고탄력PU(L)검 손바닥(10P)(U),2024,0.0
오런고탄력PU(L)백 손바닥(10P),2024,391.0
오런고탄력PU(L)회 손바닥(10P),2024,877.0
오런고탄력PU(L)회 손바닥(10P)(U),2024,0.0
오런고탄력PU(L)회 손바닥(10P)(U)(A),2024,0.0
오런고탄력PU(M)검 손바닥(10P),2024,447.0
오런고탄력PU(M)검 손바닥(10P)(U),2024,0.0
오런고탄력PU(M)백 손바닥(10P),2024,28.0
오런고탄력PU(M)회 손끝(10P),2024,70.0
오런고탄력PU(M)회 손바닥(10P),2024,979.0
오런고탄력PU(M)회 손바닥(10P)(U),2024,0.0
오런고탄력PU(M)회 손바닥(10P)(U)(A),2024,0.0
오런고탄력PU(S)검 손바닥(10P),2024,533.0
오런고탄력PU(S)검 손바닥(10P)(U),2024,0.0
오런고탄력PU(S)회 손끝(10P),2024,20.0
오런고탄력PU(S)회 손바닥(10P),2024,481.0
오런고탄력PU(S)회 손바닥(10P)(U),2024,0.0
오런고탄력PU(S)회 손바닥(10P)(U)(A),2024,0.0
오런고탄력PU(XL)검 손바닥(10P),2024,98.0
오런고탄력PU(XL)검 손바닥(10P)(U),2024,0.0
오런고탄력PU(XL)회 손바닥(10P),2024,270.0
오런고탄력PU(XL)회 손바닥(10P)(U),2024,0.0
오런고탄력도트(L)검,2024,10833.0
오런고탄력도트(L)백,2024,5759.0
오런고탄력도트(L)회,2024,19360.0
오런고탄력도트(M)검,2024,10270.0
오런고탄력도트(M)백,2024,26480.0
오런고탄력도트(M)회,2024,25559.0
오런고탄력도트(S)검,2024,5680.0
오런고탄력도트(S)백,2024,14110.0
오런고탄력도트(S)회,2024,17660.0
오런고탄력블루(L)long(U),2024,2745.0
오런고탄력블루(M)long(U),2024,4744.0
오런고탄력블루(S)long(U),2024,4469.0
오런고탄력블루1P(L)(U),2024,27422.0
오런고탄력블루1P(M)(U),2024,48343.0
오런고탄력블루1P(S)(U),2024,43322.0
오런기사님3P,2024,8050.0
오런니트릴위생20매(L)화이트,2024,7946.0
오런니트릴위생20매(M)화이트,2024,16265.0
오런니트릴위생20매(S)화이트,2024,6968.0
오런라이트(L)회,2024,151658.0
오런라이트(M)회,2024,116698.0
오런라이트(S)회,2024,56330.0
오런라이트B급,2024,300.0
오런라텍스위생장갑100매(L),2024,39492.0
오런라텍스위생장갑100매(M),2024,78160.0
오런라텍스위생장갑100매(S),2024,34943.0
오런라텍스위생장갑10매(M)(RRP),2024,24404.0
오런멀티1P(L)검,2024,147762.0
오런멀티1P(L)남색,2024,3943.0
오런멀티1P(L)회,2024,58788.0
오런멀티1P(M)검,2024,108132.0
오런멀티1P(M)회,2024,33727.0
오런멀티1P(S)검,2024,61773.0
오런멀티1P(S)자주,2024,7078.0
오런멀티1P(S)회,2024,16797.0
오런멀티5P(L)검,2024,7766.0
오런멀티5P(L)적,2024,63.0
오런멀티5P(L)회,2024,4005.0
오런멀티5P(M)검,2024,11692.0
오런멀티5P(M)적,2024,104.0
오런멀티5P(M)회,2024,5773.0
오런멀티5P(S)검,2024,7417.0
오런멀티5P(S)회,2024,3639.0
오런반코팅10P,2024,10440.0
오런반코팅1P,2024,2100.0
오런반코팅3P(신규바코드),2024,6532.0
오런소프트(L)파,2024,8695.0
오런소프트(M)파,2024,9602.0
오런소프트(S)파,2024,3757.0
오런실장갑10P(A),2024,7040.0
오런실장갑1P(New),2024,8970.0
오런실장갑32g(10P),2024,13901.0
오런실장갑35죽포(10P),2024,88864.0
오런실장갑35죽포(10P)(A),2024,41340.0
오런실장갑35죽포(10P)(U),2024,0.0
오런실장갑37g-연두(10P),2024,87229.0
오런실장갑3P,2024,7317.0
오런실장갑42g(10P)영남(A),2024,23151.0
오런실장갑42g(10P)영남(Y),2024,0.0
오런실장갑42g-주황(10P),2024,30602.0
오런실장갑47g-빨강(10P),2024,46560.0
오런실장갑52g-초록(10P),2024,8296.0
오런실장갑60g(10P),2024,5946.0
오런알로에텍스위생10매(M),2024,300.0
오런에어폼(L)회,2024,14592.0
오런에어폼(L)회_걸이,2024,0.0
오런에어폼(M)하늘,2024,32.0
오런에어폼(M)회,2024,13300.0
오런에어폼(M)회_걸이,2024,0.0
오런에어폼(S)핑,2024,37.0
오런에어폼(S)회,2024,13254.0
오런에어폼(S)회_걸이,2024,0.0
오런예식10P(영남),2024,4918.0
오런오렌지이중코팅(A),2024,0.0
오런오렌지황이중코팅,2024,0.0
오런오렌지황이중코팅(A),2024,113183.0
오런용접장갑(소),2024,0.0
오런줄기사3P,2024,980.0
오런청포도이중코팅,2024,0.0
오런청포도이중코팅(A),2024,493088.0
오런커피위생(L)10P,2024,959.0
오런커피위생(M)10P,2024,2160.0
오런탑(M)하늘,2024,390.0
오런탑(S)핑크,2024,400.0
오런탑도트(L)회,2024,19909.0
오런탑도트(M)하늘,2024,1145.0
오런탑도트(M)회,2024,31905.0
오런탑도트(S)회,2024,37514.0
오런토시2P,2024,1.0
오런톡톡니트릴125매(L)검정,2024,0.0
오런톡톡니트릴125매(L)화이트,2024,0.0
오런톡톡니트릴125매(M)검정,2024,0.0
오런톡톡니트릴125매(M)화이트,2024,0.0
오런톡톡니트릴125매(S)검정,2024,0.0
오런톡톡니트릴125매(S)화이트,2024,0.0
오런투라인10P(영남),2024,2188.0
오런투라인장갑10P(식자재),2024,1850.0
오런파랑니트릴위생장갑100매(L),2024,9264.0
오런파랑니트릴위생장갑100매(M),2024,12553.0
오런파랑니트릴위생장갑100매(S),2024,7284.0
오런포리PU(L)검 손바닥(10P)(U),2024,12302.0
오런포리PU(L)검1P(U),2024,16196.0
오런포리PU(L)백 손끝(10P),2024,419.0
오런포리PU(L)백 손끝(10P)(U),2024,0.0
오런포리PU(L)백 손바닥(10P)(A),2024,881.0
오런포리PU(L)백 손바닥(10P)(U),2024,14.0
오런포리PU(L)회 손끝(10P),2024,5295.0
오런포리PU(L)회 손끝(10P)(U),2024,63.0
오런포리PU(L)회 손바닥(10P)(A),2024,12042.0
오런포리PU(L)회 손바닥(10P)(U),2024,14.0
오런포리PU(L)회1P(U),2024,13660.0
"오런포리PU(L)회손바닥(10P)(A)""바코드작업",2024,1050.0
오런포리PU(L)회손바닥(10P)(U)바코드작업,2024,0.0
오런포리PU(M)검 손바닥(10P)(U),2024,13030.0
오런포리PU(M)검1P(U),2024,21210.0
오런포리PU(M)백 손끝(10P),2024,1798.0
오런포리PU(M)백 손끝(10P)(U),2024,0.0
오런포리PU(M)백 손바닥(10P)(A),2024,734.0
오런포리PU(M)백 손바닥(10P)(U),2024,32.0
오런포리PU(M)회 손끝(10P),2024,8926.0
오런포리PU(M)회 손끝(10P)(U),2024,0.0
오런포리PU(M)회 손바닥(10P)(A),2024,11714.0
오런포리PU(M)회 손바닥(10P)(U),2024,50.0
오런포리PU(M)회1P(U),2024,15140.0
"오런포리PU(M)회손바닥(10P)(A)""바코드작업",2024,891.0
오런포리PU(M)회손바닥(10P)(U)바코드작업,2024,0.0
오런포리PU(S)검 손바닥(10P)(U),2024,3858.0
오런포리PU(S)검1P(U),2024,6944.0
오런포리PU(S)백 손끝(10P),2024,2656.0
오런포리PU(S)백 손끝(10P)(U),2024,0.0
오런포리PU(S)백 손바닥(10P),2024,0.0
오런포리PU(S)백 손바닥(10P)(A),2024,688.0
오런포리PU(S)백 손바닥(10P)(U),2024,54.0
오런포리PU(S)회 손끝(10P),2024,7168.0
오런포리PU(S)회 손끝(10P)(U),2024,96.0
오런포리PU(S)회 손바닥(10P)(U),2024,5248.0
오런포리PU(S)회1P(U),2024,7488.0
오런포리PU(XL)검 손바닥(10P)(A),2024,1586.0
오런포리PU(XL)검 손바닥(10P)(U),2024,0.0
오런포리PU(XL)회 손바닥(10P)(A),2024,402.0
오런포리PU(XL)회 손바닥(10P)(U),2024,0.0
오런포리도트(L)회,2024,9930.0
오런포리도트(M)회,2024,89420.0
오런포리도트(S)회,2024,46420.0
오런표백도트장갑10P(식자재),2024,514.0
오런표백실장갑5P(영남),2024,1796.0
오런하늘코팅(M),2024,49063.0
오런행사용장갑10P(식자재),2024,2367.0
오런행사용장갑2P(밴드),2024,7785.0
용접소(내피무),2024,-10.0
우의 백색,2024,10200.0
위생장갑(하품),2024,5850.0
은박방수토시(고무줄),2024,1170.0
은박방수토시(시보리),2024,3694.0
응원장갑(청),2024,0.0
잡보루,2024,724.0
절단방지코팅장갑(CUT3)(L)백색,2024,500.0
절단방지코팅장갑(L),2024,80.0
절단방지코팅장갑(L)1P,2024,0.0
절단방지코팅장갑(M),2024,40.0
줄기사10g(10P),2024,2280.0
지연입고 상금,2024,0.0
진광말표(핑),2024,1870.0
찔레꽃 망사 밤색,2024,170.0
찔레꽃 망사 흑색,2024,712.0
찔레꽃면장갑,2024,6370.0
찔레꽃면장갑(검정),2024,450.0
천일 메니큐어(L),2024,2000.0
천일 메니큐어(M),2024,100.0
천일도트,2024,2000.0
천일표,2024,178700.0
청앞치마(중),2024,90.0
청토시(100입),2024,9216.0
청토시(100입)겨울용,2024,340.0
청포도 + 오렌지 작업 필요,2024,0.0
코스모스,2024,750.0
크린랲 위생 50매,2024,1550.0
크린랲간편고무장갑(10컬레),2024,42240.0
크린랲면장갑10켤레(1호),2024,4860.0
크린랲면장갑10켤레(2호),2024,4680.0
크린랲면장갑3켤레,2024,28100.0
크린랲미니,2024,1440.0
크린랲반코팅장갑10켤레,2024,9870.0
크린랲반코팅장갑3켤레,2024,24300.0
크린랲엠보싱장갑2켤레,2024,11800.0
크린랲예식장갑2켤레,2024,35800.0
크린랲완전코팅,2024,3400.0
크린랲투라인장갑3켤레,2024,21000.0
키친센스(손목긴위생),2024,400.0
태화(L)대(적),2024,19490.0
태화(L)대(투),2024,3310.0
태화(L)대(핑),2024,2900.0
태화XL특대(적),2024,7490.0
태화XL특대(투),2024,2770.0
태화XL특대(핑),2024,1200.0
태화꽃밴(적),2024,9740.0
태화꽃밴(투),2024,11840.0
태화꽃밴(핑),2024,40356.0
태화단보,2024,5195.0
태화롤백(소)500매,2024,520.0
태화롤백(중)500매,2024,1188.0
태화롤팩(대)500매,2024,521.0
태화마파,2024,2200.0
태화미니,2024,6907.0
태화선밴(적),2024,4549.0
태화선밴(투),2024,28650.0
태화선밴(핑),2024,50125.0
태화올A,2024,17499.0
태화위생100매,2024,1200.0
태화위생200매,2024,6380.0
태화위생50매,2024,7350.0
태화팩(대),2024,550.0
태화팩(소),2024,1400.0
태화팩(중),2024,2650.0
토시,2024,118560.0
파일럿2-3(무단추),2024,0.0
파일럿2-6(단추),2024,24020.0
파일럿2-6K(무단추),2024,118650.0
파일럿TC(단추),2024,9000.0
편안손특대(투),2024,4791.0
포리내피(L)검(10P),2024,838.0
포리내피(L)백(10P),2024,407.0
포리내피(L)회(10P),2024,3823.0
포리내피(M)검(10P),2024,1680.0
포리내피(M)백(10P),2024,1628.0
포리내피(M)회(10P),2024,6428.0
포리내피(S)검(10P),2024,475.0
포리내피(S)백(10P),2024,605.0
포리내피(S)회(10P),2024,2258.0
표백도트장갑(10P),2024,2630.0
표백실장갑(10P),2024,1877.0
한스피엠아이 메디 차액 정산,2024,0.0
화로장갑(L)(1P),2024,107.0
화로장갑(M)(1P),2024,16.0
화로장갑(long)(L)(1P),2024,4.0
화로장갑(long)(M)(1P),2024,0.0
화이트앤블랙장갑100매(L),2024,0.0
화이트앤블랙장갑100매(M),2024,0.0
화이트앤블랙장갑100매(S),2024,0.0
후디스PU코팅(L)(검)1P(신규바코드),2024,4360.0
후디스PU코팅(L)(회)1P(신규바코드),2024,1790.0
후디스PU코팅(L)회1P,2024,0.0
후디스PU코팅(M)(검)1P(신규바코드),2024,1680.0
후디스PU코팅(M)(회)1P(신규바코드),2024,1250.0
후디스PU코팅(S)(검)1P(신규바코드),2024,929.0
후디스PU코팅(S)(회)1P(신규바코드),2024,750.0
후디스고무장갑(L)투(5P)(A),2024,0.0
"후디스고무장갑(L)핑(5P) ""바코드작업""",2024,760.0
후디스고무장갑(L)핑(5P)(A),2024,0.0
후디스고무장갑(M)적,2024,19938.0
후디스고무장갑(M)적(5P),2024,120.0
후디스고무장갑(M)투,2024,35495.0
후디스고무장갑(M)투(5P)(A),2024,0.0
후디스고무장갑(M)투(A),2024,0.0
후디스고무장갑(M)핑,2024,53135.0
후디스고무장갑(M)핑 왼손,2024,13.0
"후디스고무장갑(M)핑(5P) ""바코드작업""",2024,620.0
후디스고무장갑(M)핑(5P)(A),2024,0.0
후디스고무장갑(S)투(5P)(A),2024,0.0
후디스고무장갑(S)핑,2024,6810.0
"후디스고무장갑(S)핑(5P) ""바코드작업""",2024,440.0
후디스고무장갑(S)핑(5P)(A),2024,0.0
후디스고무장갑(S)핑(A),2024,160.0
후디스고무장갑(XL)투(5P)(A),2024,0.0
"후디스고무장갑(XL)핑(5P)""바코드작업""",2024,380.0
후디스고무장갑(XL)핑(5P)(A),2024,0.0
후디스고무장갑2+1(대),2024,7293.0
후디스고무장갑2+1(소)투명,2024,737.0
후디스고무장갑2+1(소)핑크,2024,3333.0
후디스고무장갑2+1(중),2024,8019.0
후디스고무장갑식품용,2024,577511.0
후디스고무장갑왕특대(XXL)투,2024,41319.0
후디스고무장갑왕특대(XXL)핑,2024,30796.0
후디스고무장갑주름(L)적,2024,43470.0
후디스고무장갑주름(L)투,2024,119707.0
후디스고무장갑주름(L)핑,2024,98599.0
후디스고무장갑주름(L)핑 오른손,2024,17.0
후디스고무장갑주름(L)핑 왼손,2024,9.0
후디스고무장갑주름(L)핑(A),2024,0.0
후디스고무장갑주름(L)핑(N),2024,68816.0
후디스고무장갑특대(적),2024,26093.0
후디스고무장갑특대(투),2024,74035.0
후디스고무장갑특대(핑),2024,66160.0
후디스노랑반코팅(13g),2024,193449.0
후디스다용도미니3P(노랑),2024,15185.0
후디스다용도미니3P(백색),2024,6575.0
후디스더블NBR(L)적,2024,1302.0
후디스더블NBR(L)파,2024,10288.0
후디스더블NBR(L)파(오른손1개),2024,0.0
후디스더블NBR(L)파(왼손1개),2024,0.0
후디스더블NBR(M)적,2024,1761.0
후디스더블NBR(M)파,2024,7946.0
후디스더블NBR(S)검,2024,0.0
후디스더블NBR(S)적,2024,400.0
후디스더블NBR(S)파,2024,2558.0
후디스면장갑1호(단추),2024,7650.0
후디스면장갑1호(무단추),2024,53461.0
후디스면장갑1호(무단추)(여성용),2024,3100.0
후디스면장갑1호(밴드),2024,12000.0
후디스면장갑2P(슈퍼용),2024,750.0
후디스면장갑2호(단추),2024,97064.0
후디스면장갑2호(무단추),2024,19134.0
후디스면장갑2호(밴드),2024,40730.0
후디스면장갑3호(단추),2024,88840.0
후디스면장갑3호(단추)(납품용),2024,134000.0
후디스면장갑3호(무단추),2024,9572.0
후디스면장갑4호,2024,106474.0
후디스면장갑4호(여성용),2024,700.0
후디스면장갑왕특단(무단추),2024,6656.0
후디스미니(L)노(10P),2024,19250.0
"후디스미니(L)노(10P) ""바코드작업""",2024,240.0
후디스미니(L)흰(10P),2024,42286.0
후디스미니(S)노(10P),2024,8075.0
"후디스미니(S)노(10P) ""바코드작업""",2024,210.0
후디스미니(S)흰(10P),2024,22563.0
후디스미니(free)노(10P)(M)(A),2024,18425.0
후디스미니(free)흰(10P)(M)(A),2024,35873.0
후디스반코팅(10P)(J),2024,35124.0
후디스반코팅(10P)(J)영남,2024,12806.0
후디스실장갑2P,2024,2048.0
후디스실장갑32g(10P),2024,23775.0
후디스실장갑37g(10P)영남(Y),2024,0.0
후디스실장갑37g-연두(10P),2024,143966.0
후디스실장갑42g-주황(10P),2024,45918.0
후디스실장갑47g-빨강(10P),2024,68284.0
후디스실장갑52g-녹색(10P),2024,13447.0
후디스실장갑60g(10P),2024,12547.0
후디스에어폼(L)적,2024,1536.0
후디스에어폼(L)파,2024,29947.0
후디스에어폼(M)적,2024,3070.0
후디스에어폼(M)파,2024,18933.0
후디스에어폼(S)검,2024,472.0
후디스에어폼(S)적,2024,1800.0
후디스에어폼(S)파,2024,8062.0
후디스에어폼내피(L)파,2024,21400.0
후디스에어폼내피(S)파,2024,0.0
후디스엠보싱(노랑)기모,2024,10135.0
후디스엠보싱(노랑)사계(10-8A),2024,77817.0
후디스엠보싱(노랑)여성용(사계),2024,730.0
후디스엠보싱(노랑)여성용(하계),2024,560.0
후디스엠보싱(노랑)하계,2024,35665.0
후디스엠보싱(백색)하계,2024,20.0
후디스엠보싱(적색)사계(10-8AAA),2024,6930.0
후디스엠보싱(적색)여성용(사계),2024,520.0
후디스엠보싱(적색)여성용(하계),2024,80.0
후디스엠보싱(적색)하계,2024,5017.0
후디스엠보싱(초록)사계(10-8AA),2024,21310.0
후디스엠보싱(초록)하계,2024,11054.0
후디스엠보싱(파랑)기모,2024,2991.0
후디스엠보싱(파랑)사계(10-8AAAA),2024,22243.0
후디스엠보싱(파랑)하계,2024,6919.0
후디스엠보싱장갑2P,2024,50.0
후디스위생200매,2024,8365.0
후디스위생50매,2024,66704.0
후디스장갑(M)핑오른손1개,2024,7366.0
후디스장갑(M)핑왼손1개,2024,3150.0
후디스장갑주름(L)핑오른손1개,2024,6300.0
후디스장갑주름(L)핑왼손1개,2024,3280.0
후디스줄기사10g,2024,244619.0
후디스줄기사13g,2024,1900.0
후디스줄기사13g(A),2024,277140.0
후디스쿨토시(검정),2024,11567.0
후디스쿨토시(남색),2024,528.0
후디스쿨토시(민트),2024,1.0
후디스쿨토시(백색),2024,6431.0
후디스쿨토시(보라),2024,830.0
후디스쿨토시(연핑크),2024,562.0
후디스쿨토시(초록),2024,580.0
후디스쿨토시(카키),2024,532.0
후디스쿨토시(파랑),2024,2526.0
후디스쿨토시(하늘),2024,463.0
후디스쿨토시(회색),2024,3549.0
후디스토시1P,2024,30878.0
후디스표백도트장갑1P,2024,123087.0
후디스하프,2024,12617.0
후디스흰반코팅(13g),2024,45415.0
3M 스폰지수세미(135),2025,0.0
3M 철수세미,2025,7200.0
EVA우의(백색),2025,100.0
NBR장갑(10켤레)(L),2025,1780.0
NBR장갑(10켤레)(L)(U),2025,0.0
NBR장갑(10켤레)(M),2025,1181.0
New태화특대(적),2025,5700.0
New태화특대(투),2025,3460.0
New태화특대(핑),2025,2500.0
PU제전장갑(M)top(10P),2025,5.0
고탄력도트 흰색 대,2025,0.0
고탄력블루 대(L),2025,800.0
고탄력블루 롱-대(L),2025,110.0
고탄력블루 롱-소(S),2025,170.0
고탄력블루 롱-중(M),2025,200.0
고탄력블루 소(S),2025,7440.0
고탄력블루 중(M),2025,3100.0
금강산,2025,98700.0
나비검정니트릴위생장갑100매(L),2025,2999.0
나비라텍스위생장갑(L),2025,5950.0
나비라텍스위생장갑(M),2025,9000.0
나비라텍스위생장갑(S),2025,6000.0
나비면(메리야스)완전코팅5P,2025,4000.0
나비파랑니트릴위생장갑100매(L),2025,6000.0
나비파랑니트릴위생장갑100매(M),2025,6000.0
나이스황이중코팅,2025,11500.0
나이스황이중코팅(제니스)(XL),2025,600.0
나일론내피(M)청,2025,100.0
나일론내피(M)회(10P),2025,30.0
다목적 접이식 가방,2025,0.0
대광PVC,2025,6288.0
대광TC예식,2025,507503.0
대광고무장갑(M)투,2025,8542.0
대광고무장갑(M)핑,2025,58897.0
대광고무장갑M(300입)적,2025,77860.0
대광고무장갑식품용-콤비(S)투명,2025,0.0
대광고무장갑주름(L)투,2025,13532.0
대광고무장갑주름(L)핑,2025,63960.0
대광고무장갑특대(XL)투,2025,100.0
대광고무장갑특대(XL)핑,2025,29244.0
대광공업용황10호,2025,51129.0
대광공업용황12호,2025,9750.0
대광공업용황9호,2025,37974.0
대광공업용흑10호,2025,6053.0
대광공업용흑9호,2025,5200.0
대광기누(L)백(10P)(3-4L),2025,950.0
대광기누(L)살(10P),2025,1294.0
대광기누(L)청(10P)(3-2L),2025,10119.0
대광기누(L)커(10P),2025,980.0
대광기누(L)홍(10P)(3-3L),2025,2333.0
대광기누(M)백(10P),2025,270.0
대광기누(M)살(10P),2025,331.0
대광기누(M)청(10P)(3-2M),2025,3666.0
대광기누(M)커(10P),2025,190.0
대광기누(M)홍(10P)(3-3M),2025,465.0
대광기누(청)상L(10P),2025,350.0
대광기누(청)상M(10P),2025,140.0
대광기모고무장갑,2025,76749.0
대광노랑반코팅(10P),2025,1129.0
대광노랑반코팅(10P)(A),2025,49282.0
대광노랑반코팅(10P)(J)(A),2025,43720.0
대광노랑반코팅(10P)(L)(A),2025,27910.0
대광노랑반코팅(1P)(A),2025,63669.0
대광면완전코팅(오래)(A),2025,133584.0
대광반코팅(10P)10G,2025,192976.0
대광반코팅(10P)10G(T),2025,0.0
대광반코팅(10P)13g,2025,26737.0
대광반코팅(10P)13g(T),2025,0.0
대광밴드예식,2025,78395.0
대광실완전코팅(5P)(영남),2025,280.0
대광실완전코팅(힘써),2025,0.0
대광실완전코팅(힘써)(A),2025,341897.0
대광실완전코팅(힘써)(L)(A),2025,93720.0
대광실장갑35g(10P),2025,0.0
대광실장갑40g(10P),2025,0.0
대광실장갑45g(10P),2025,0.0
대광실장갑50g(10P),2025,0.0
대광예식(단추),2025,60879.0
대광예식(무단추),2025,20480.0
대광피특대,2025,90.0
대광흰반코팅(10P)(L)(A),2025,10250.0
동원반코팅(10P),2025,0.0
동원실완전코팅(A),2025,0.0
두말표고무장갑,2025,79651.0
두말표고무장갑(오른손),2025,750.0
두말표고무장갑(왼손),2025,7500.0
등천,2025,1250.0
레자토시(고무줄),2025,1400.0
레자토시(시보리),2025,800.0
렉션개나리,2025,16450.0
렉션미니(투명)10P,2025,30.0
렉션주황12호(여성용),2025,840.0
렉션황10호,2025,100.0
렉션황12호,2025,180.0
로얄블루수입(L)(10P),2025,180.0
로얄블루수입(M)(10P),2025,320.0
로얄블루수입(S)(10P),2025,89.0
마미손(대)오른손하나,2025,1079.0
마미손(대)왼손하나,2025,359.0
마미손(소)오른손하나,2025,-1.0
마미손(소)왼손하나,2025,-1.0
마미손(중)오른손하나,2025,2155.0
마미손(중)왼손하나,2025,419.0
마미손골드,2025,21897.0
마미손미니(핑),2025,3600.0
마미손위생50매(국산)-50각(2호),2025,23250.0
마미손위생50매(중국)-50각,2025,11350.0
마미손칼라고무장갑(그레이)(L),2025,500.0
마미손칼라고무장갑(그레이)(M),2025,500.0
마미손칼라고무장갑(그린)(L),2025,700.0
마미손클래식,2025,2671.0
마미손특대(적),2025,21086.0
마미손특대(투),2025,370.0
마미손특대오른손2개(100입),2025,0.0
마미손특대왼손2개(100입),2025,0.0
마미손패스,2025,17800.0
마미손플라워,2025,1949.0
마미손핑크밴드,2025,7200.0
마미손화이트,2025,4900.0
마이핸고무장갑신단보,2025,0.0
마이핸고무장갑왕신단보,2025,0.0
마이핸니트릴위생장갑100매(L),2025,0.0
마이핸니트릴위생장갑100매(M),2025,0.0
마이핸미니(L)노(10P),2025,0.0
마이핸미니(L)투(10P),2025,0.0
마이핸미니(M)노(10P),2025,0.0
마이핸미니(M)투(10P),2025,0.0
마이핸미니(S)노(10P),2025,0.0
마이핸미니(S)투(10P),2025,0.0
마이핸미용(L),2025,18000.0
마이핸미용(M),2025,70000.0
마이핸미용(S),2025,18000.0
마이핸프리미엄100매(라텍스위생)(L),2025,0.0
멀티등외품,2025,5700.0
멀티등외품(A),2025,6100.0
메란지내피(L)오바록,2025,179000.0
메란지내피(M)오바록,2025,159000.0
메란지내피(S)오바록,2025,74000.0
면마스크(백색)(A),2025,3500.0
백나일론(남성용)10P,2025,0.0
백나일론(해광)10P,2025,8490.0
백보루,2025,1296.0
봉지철,2025,8000.0
빠레트 운임 할인분,2025,0.0
새마을노랑반코팅,2025,200.0
새마을도트(대)검10P,2025,992.0
새마을도트(대)적10P,2025,0.0
새마을도트(대)파10P,2025,146.0
새마을도트(대)회10P,2025,296.0
새마을도트(소)검10P,2025,280.0
새마을도트(소)적10P,2025,10.0
새마을도트(소)파10P,2025,15.0
새마을도트(소)회10P,2025,25.0
새마을도트(중)검10P,2025,945.0
새마을도트(중)백10P,2025,0.0
새마을도트(중)적10P,2025,45.0
새마을도트(중)파10P,2025,140.0
새마을도트(중)회10P,2025,365.0
새마을면완전코팅,2025,2100.0
새마을실완전코팅,2025,6100.0
새마을이중코팅,2025,82250.0
손사랑T/C예식(1000입),2025,537806.0
손사랑반코팅(10P),2025,43555.0
솔벡스(GN-8호),2025,440.0
솔벡스10호,2025,336.0
스카지,2025,8250.0
스텐집게,2025,248.0
실장갑40g(10P)(A),2025,23066.0
실장갑40g(10P)(여성용)(A),2025,8110.0
실장갑45g(10P),2025,26581.0
실장갑45g(10P)(A),2025,5790.0
실장갑45g(10P)(U),2025,0.0
실장갑50g(10P),2025,6115.0
쎄라손고무장갑신단보,2025,19520.0
쎄라손고무장갑왕신단보,2025,39720.0
쎄라손노랑반코팅(10P),2025,23902.0
쎄라손미니(L)노(10P),2025,919.0
쎄라손미니(L)투(10P),2025,2300.0
쎄라손미니(M)노(10P),2025,2435.0
쎄라손미니(M)투(10P),2025,3376.0
쎄라손미니(S)노(10P),2025,1570.0
쎄라손미니(S)투(10P),2025,550.0
쎄라손미용(L),2025,387038.0
쎄라손미용(M),2025,589312.0
쎄라손미용(S),2025,434966.0
쎄라손반코팅(10P),2025,150835.0
쎄라손흰반코팅(10P),2025,480.0
아르곤 갈색 내피,2025,1355.0
아르곤 백색 덧내피,2025,1150.0
아르곤 회색 돈피,2025,0.0
어린이장갑30매,2025,0.0
오라이트왕특대(투),2025,1560.0
오런 바로톡메디장갑125매(L),2025,34.0
오런 바로톡메디장갑125매(M),2025,32.0
오런 바로톡메디장갑125매(S),2025,1.0
오런#100(L),2025,12439.0
오런#100(XL),2025,44030.0
오런#100(XXL),2025,15171.0
오런#200(절단방지내피)(L),2025,60.0
오런#200(절단방지내피)(M),2025,1130.0
오런NBR장갑(10켤레)(L)(U),2025,0.0
오런NBR장갑(10켤레)(M)(U),2025,0.0
오런검정니트릴위생장갑100매(L),2025,58132.0
오런검정니트릴위생장갑100매(M),2025,93027.0
오런검정니트릴위생장갑100매(S),2025,41295.0
오런검정니트릴위생장갑100매(XL),2025,2389.0
오런고탄력PU(L)검 손바닥(10P),2025,323.0
오런고탄력PU(L)검 손바닥(10P)(U),2025,10.0
오런고탄력PU(L)백 손바닥(10P),2025,305.0
오런고탄력PU(L)회 손바닥(10P),2025,1132.0
오런고탄력PU(L)회 손바닥(10P)(U),2025,95.0
오런고탄력PU(L)회 손바닥(10P)(U)(A),2025,0.0
오런고탄력PU(M)검 손바닥(10P),2025,471.0
오런고탄력PU(M)검 손바닥(10P)(U),2025,14.0
오런고탄력PU(M)백 손바닥(10P),2025,78.0
오런고탄력PU(M)회 손끝(10P),2025,80.0
오런고탄력PU(M)회 손바닥(10P),2025,963.0
오런고탄력PU(M)회 손바닥(10P)(U),2025,25.0
오런고탄력PU(M)회 손바닥(10P)(U)(A),2025,0.0
오런고탄력PU(S)검 손바닥(10P),2025,443.0
오런고탄력PU(S)검 손바닥(10P)(U),2025,0.0
오런고탄력PU(S)회 손끝(10P),2025,40.0
오런고탄력PU(S)회 손바닥(10P),2025,265.0
오런고탄력PU(S)회 손바닥(10P)(U),2025,0.0
오런고탄력PU(S)회 손바닥(10P)(U)(A),2025,0.0
오런고탄력PU(XL)검 손바닥(10P),2025,67.0
오런고탄력PU(XL)검 손바닥(10P)(U),2025,0.0
오런고탄력PU(XL)회 손바닥(10P),2025,405.0
오런고탄력PU(XL)회 손바닥(10P)(U),2025,0.0
오런고탄력도트(L)검,2025,15060.0
오런고탄력도트(L)백,2025,4460.0
오런고탄력도트(L)회,2025,18290.0
오런고탄력도트(M)검,2025,15160.0
오런고탄력도트(M)백,2025,25830.0
오런고탄력도트(M)회,2025,26489.0
오런고탄력도트(S)검,2025,9170.0
오런고탄력도트(S)백,2025,13340.0
오런고탄력도트(S)회,2025,14910.0
오런고탄력블루(L)long(U),2025,5813.0
오런고탄력블루(M)long(U),2025,7472.0
오런고탄력블루(S)long(U),2025,7482.0
오런고탄력블루1P(L)(U),2025,27526.0
오런고탄력블루1P(M)(U),2025,49472.0
오런고탄력블루1P(S)(U),2025,41472.0
오런기사님3P,2025,8209.0
오런니트릴위생20매(L)화이트,2025,12406.0
오런니트릴위생20매(M)화이트,2025,17121.0
오런니트릴위생20매(S)화이트,2025,9247.0
오런라이트(L)회,2025,177793.0
오런라이트(M)회,2025,131689.0
오런라이트(S)회,2025,58116.0
오런라이트B급,2025,0.0
오런라텍스위생장갑100매(L),2025,30782.0
오런라텍스위생장갑100매(M),2025,74934.0
오런라텍스위생장갑100매(S),2025,27122.0
오런라텍스위생장갑10매(M)(RRP),2025,43723.0
오런멀티1P(L)검,2025,147072.0
오런멀티1P(L)남색,2025,21.0
오런멀티1P(L)회,2025,54928.0
오런멀티1P(M)검,2025,101745.0
오런멀티1P(M)회,2025,25786.0
오런멀티1P(S)검,2025,53650.0
오런멀티1P(S)자주,2025,5931.0
오런멀티1P(S)회,2025,14815.0
오런멀티5P(L)검,2025,8488.0
오런멀티5P(L)적,2025,59.0
오런멀티5P(L)회,2025,3836.0
오런멀티5P(M)검,2025,11527.0
오런멀티5P(M)적,2025,-1.0
오런멀티5P(M)회,2025,5692.0
오런멀티5P(S)검,2025,7787.0
오런멀티5P(S)회,2025,2859.0
오런반코팅10P,2025,8850.0
오런반코팅1P,2025,1800.0
오런반코팅3P(신규바코드),2025,5894.0
오런소프트(L)파,2025,9203.0
오런소프트(M)파,2025,9472.0
오런소프트(S)파,2025,3595.0
오런실장갑10P(A),2025,6880.0
오런실장갑1P(New),2025,7530.0
오런실장갑32g(10P),2025,21039.0
오런실장갑35죽포(10P),2025,86544.0
오런실장갑35죽포(10P)(A),2025,39023.0
오런실장갑35죽포(10P)(U),2025,0.0
오런실장갑37g-연두(10P),2025,187280.0
오런실장갑3P,2025,6406.0
오런실장갑42g(10P)영남(A),2025,17669.0
오런실장갑42g(10P)영남(Y),2025,1290.0
오런실장갑42g-주황(10P),2025,63239.0
오런실장갑47g-빨강(10P),2025,91670.0
오런실장갑52g-초록(10P),2025,13299.0
오런실장갑60g(10P),2025,6973.0
오런알로에텍스위생10매(M),2025,1000.0
오런에어폼(L)회,2025,14556.0
오런에어폼(L)회_걸이,2025,0.0
오런에어폼(M)하늘,2025,77.0
오런에어폼(M)회,2025,13438.0
오런에어폼(M)회_걸이,2025,0.0
오런에어폼(S)핑,2025,589.0
오런에어폼(S)회,2025,10352.0
오런에어폼(S)회_걸이,2025,0.0
오런예식10P(영남),2025,3809.0
오런오렌지이중코팅(A),2025,0.0
오런오렌지황이중코팅,2025,0.0
오런오렌지황이중코팅(A),2025,198422.0
오런용접장갑(소),2025,320.0
오런줄기사3P,2025,720.0
오런청포도이중코팅,2025,0.0
오런청포도이중코팅(A),2025,396927.0
오런커피위생(L)10P,2025,1440.0
오런커피위생(M)10P,2025,2760.0
오런탑(M)하늘,2025,700.0
오런탑(S)핑크,2025,850.0
오런탑도트(L)회,2025,16735.0
오런탑도트(M)하늘,2025,860.0
오런탑도트(M)회,2025,58070.0
오런탑도트(S)회,2025,34083.0
오런토시2P,2025,127.0
오런톡톡니트릴125매(L)검정,2025,0.0
오런톡톡니트릴125매(L)화이트,2025,0.0
오런톡톡니트릴125매(M)검정,2025,0.0
오런톡톡니트릴125매(M)화이트,2025,0.0
오런톡톡니트릴125매(S)검정,2025,0.0
오런톡톡니트릴125매(S)화이트,2025,0.0
오런투라인10P(영남),2025,1660.0
오런투라인장갑10P(식자재),2025,1513.0
오런파랑니트릴위생장갑100매(L),2025,8170.0
오런파랑니트릴위생장갑100매(M),2025,12424.0
오런파랑니트릴위생장갑100매(S),2025,5535.0
오런포리PU(L)검 손바닥(10P)(U),2025,14997.0
오런포리PU(L)검1P(U),2025,15414.0
오런포리PU(L)백 손끝(10P),2025,817.0
오런포리PU(L)백 손끝(10P)(U),2025,0.0
오런포리PU(L)백 손바닥(10P)(A),2025,2783.0
오런포리PU(L)백 손바닥(10P)(U),2025,10.0
오런포리PU(L)회 손끝(10P),2025,5126.0
오런포리PU(L)회 손끝(10P)(U),2025,569.0
오런포리PU(L)회 손바닥(10P)(A),2025,10707.0
오런포리PU(L)회 손바닥(10P)(U),2025,290.0
오런포리PU(L)회1P(U),2025,10800.0
"오런포리PU(L)회손바닥(10P)(A)""바코드작업",2025,810.0
오런포리PU(L)회손바닥(10P)(U)바코드작업,2025,0.0
오런포리PU(M)검 손바닥(10P)(U),2025,14835.0
오런포리PU(M)검1P(U),2025,15015.0
오런포리PU(M)백 손끝(10P),2025,2304.0
오런포리PU(M)백 손끝(10P)(U),2025,199.0
오런포리PU(M)백 손바닥(10P)(A),2025,526.0
오런포리PU(M)백 손바닥(10P)(U),2025,24.0
오런포리PU(M)회 손끝(10P),2025,8059.0
오런포리PU(M)회 손끝(10P)(U),2025,482.0
오런포리PU(M)회 손바닥(10P)(A),2025,10751.0
오런포리PU(M)회 손바닥(10P)(U),2025,530.0
오런포리PU(M)회1P(U),2025,10499.0
"오런포리PU(M)회손바닥(10P)(A)""바코드작업",2025,720.0
오런포리PU(M)회손바닥(10P)(U)바코드작업,2025,0.0
오런포리PU(S)검 손바닥(10P)(U),2025,3814.0
오런포리PU(S)검1P(U),2025,7420.0
오런포리PU(S)백 손끝(10P),2025,3571.0
오런포리PU(S)백 손끝(10P)(U),2025,48.0
오런포리PU(S)백 손바닥(10P),2025,0.0
오런포리PU(S)백 손바닥(10P)(A),2025,507.0
오런포리PU(S)백 손바닥(10P)(U),2025,92.0
오런포리PU(S)회 손끝(10P),2025,5957.0
오런포리PU(S)회 손끝(10P)(U),2025,246.0
오런포리PU(S)회 손바닥(10P)(U),2025,4849.0
오런포리PU(S)회1P(U),2025,5356.0
오런포리PU(XL)검 손바닥(10P)(A),2025,950.0
오런포리PU(XL)검 손바닥(10P)(U),2025,0.0
오런포리PU(XL)회 손바닥(10P)(A),2025,471.0
오런포리PU(XL)회 손바닥(10P)(U),2025,0.0
오런포리도트(L)회,2025,7530.0
오런포리도트(M)회,2025,69930.0
오런포리도트(S)회,2025,38710.0
오런표백도트장갑10P(식자재),2025,450.0
오런표백실장갑5P(영남),2025,1259.0
오런하늘코팅(M),2025,63737.0
오런행사용장갑10P(식자재),2025,1705.0
오런행사용장갑2P(밴드),2025,6892.0
용접소(내피무),2025,40.0
우의 백색,2025,7800.0
위생장갑(하품),2025,6450.0
은박방수토시(고무줄),2025,1130.0
은박방수토시(시보리),2025,3040.0
응원장갑(청),2025,0.0
잡보루,2025,221.0
절단방지코팅장갑(CUT3)(L)백색,2025,2100.0
절단방지코팅장갑(L),2025,411.0
절단방지코팅장갑(L)1P,2025,0.0
절단방지코팅장갑(M),2025,190.0
줄기사10g(10P),2025,1450.0
지연입고 상금,2025,0.0
진광말표(핑),2025,1700.0
찔레꽃 망사 밤색,2025,450.0
찔레꽃 망사 흑색,2025,920.0
찔레꽃면장갑,2025,5380.0
찔레꽃면장갑(검정),2025,600.0
천일 메니큐어(L),2025,400.0
천일 메니큐어(M),2025,450.0
천일도트,2025,2380.0
천일표,2025,166900.0
청앞치마(중),2025,140.0
청토시(100입),2025,4196.0
청토시(100입)겨울용,2025,520.0
청포도 + 오렌지 작업 필요,2025,0.0
코스모스,2025,500.0
크린랲 위생 50매,2025,2200.0
크린랲간편고무장갑(10컬레),2025,36480.0
크린랲면장갑10켤레(1호),2025,7650.0
크린랲면장갑10켤레(2호),2025,4530.0
크린랲면장갑3켤레,2025,15600.0
크린랲미니,2025,960.0
크린랲반코팅장갑10켤레,2025,10500.0
크린랲반코팅장갑3켤레,2025,19900.0
크린랲엠보싱장갑2켤레,2025,9000.0
크린랲예식장갑2켤레,2025,34200.0
크린랲완전코팅,2025,2400.0
크린랲투라인장갑3켤레,2025,13400.0
키친센스(손목긴위생),2025,199.0
태화(L)대(적),2025,16830.0
태화(L)대(투),2025,2760.0
태화(L)대(핑),2025,2160.0
태화XL특대(적),2025,6897.0
태화XL특대(투),2025,2300.0
태화XL특대(핑),2025,900.0
태화꽃밴(적),2025,8090.0
태화꽃밴(투),2025,11940.0
태화꽃밴(핑),2025,34030.0
태화단보,2025,4697.0
태화롤백(소)500매,2025,380.0
태화롤백(중)500매,2025,852.0
태화롤팩(대)500매,2025,708.0
태화마파,2025,1420.0
태화미니,2025,7110.0
태화선밴(적),2025,4230.0
태화선밴(투),2025,25210.0
태화선밴(핑),2025,38649.0
태화올A,2025,9099.0
태화위생100매,2025,1080.0
태화위생200매,2025,4120.0
태화위생50매,2025,9400.0
태화팩(대),2025,450.0
태화팩(소),2025,1000.0
태화팩(중),2025,2147.0
토시,2025,96633.0
파일럿2-3(무단추),2025,0.0
파일럿2-6(단추),2025,20900.0
파일럿2-6K(무단추),2025,113560.0
파일럿TC(단추),2025,5000.0
편안손특대(투),2025,3910.0
포리내피(L)검(10P),2025,929.0
포리내피(L)백(10P),2025,4881.0
포리내피(L)회(10P),2025,2661.0
포리내피(M)검(10P),2025,1984.0
포리내피(M)백(10P),2025,6427.0
포리내피(M)회(10P),2025,5714.0
포리내피(S)검(10P),2025,484.0
포리내피(S)백(10P),2025,663.0
포리내피(S)회(10P),2025,2162.0
표백도트장갑(10P),2025,1910.0
표백실장갑(10P),2025,1337.0
한스피엠아이 메디 차액 정산,2025,0.0
화로장갑(L)(1P),2025,136.0
화로장갑(M)(1P),2025,52.0
화로장갑(long)(L)(1P),2025,56.0
화로장갑(long)(M)(1P),2025,21.0
화이트앤블랙장갑100매(L),2025,1670.0
화이트앤블랙장갑100매(M),2025,1940.0
화이트앤블랙장갑100매(S),2025,1270.0
후디스PU코팅(L)(검)1P(신규바코드),2025,2530.0
후디스PU코팅(L)(회)1P(신규바코드),2025,1580.0
후디스PU코팅(L)회1P,2025,0.0
후디스PU코팅(M)(검)1P(신규바코드),2025,950.0
후디스PU코팅(M)(회)1P(신규바코드),2025,798.0
후디스PU코팅(S)(검)1P(신규바코드),2025,490.0
후디스PU코팅(S)(회)1P(신규바코드),2025,450.0
후디스고무장갑(L)투(5P)(A),2025,1529.0
"후디스고무장갑(L)핑(5P) ""바코드작업""",2025,760.0
후디스고무장갑(L)핑(5P)(A),2025,1798.0
후디스고무장갑(M)적,2025,14940.0
후디스고무장갑(M)적(5P),2025,0.0
후디스고무장갑(M)투,2025,33951.0
후디스고무장갑(M)투(5P)(A),2025,1330.0
후디스고무장갑(M)투(A),2025,0.0
후디스고무장갑(M)핑,2025,58544.0
후디스고무장갑(M)핑 왼손,2025,10.0
"후디스고무장갑(M)핑(5P) ""바코드작업""",2025,660.0
후디스고무장갑(M)핑(5P)(A),2025,2034.0
후디스고무장갑(S)투(5P)(A),2025,630.0
후디스고무장갑(S)핑,2025,15597.0
"후디스고무장갑(S)핑(5P) ""바코드작업""",2025,380.0
후디스고무장갑(S)핑(5P)(A),2025,410.0
후디스고무장갑(S)핑(A),2025,2700.0
후디스고무장갑(XL)투(5P)(A),2025,710.0
"후디스고무장갑(XL)핑(5P)""바코드작업""",2025,380.0
후디스고무장갑(XL)핑(5P)(A),2025,718.0
후디스고무장갑2+1(대),2025,9966.0
후디스고무장갑2+1(소)투명,2025,603.0
후디스고무장갑2+1(소)핑크,2025,3168.0
후디스고무장갑2+1(중),2025,11715.0
후디스고무장갑식품용,2025,611952.0
후디스고무장갑왕특대(XXL)투,2025,30859.0
후디스고무장갑왕특대(XXL)핑,2025,44268.0
후디스고무장갑주름(L)적,2025,40072.0
후디스고무장갑주름(L)투,2025,121989.0
후디스고무장갑주름(L)핑,2025,88619.0
후디스고무장갑주름(L)핑 오른손,2025,0.0
후디스고무장갑주름(L)핑 왼손,2025,20.0
후디스고무장갑주름(L)핑(A),2025,4130.0
후디스고무장갑주름(L)핑(N),2025,68999.0
후디스고무장갑특대(적),2025,26217.0
후디스고무장갑특대(투),2025,65330.0
후디스고무장갑특대(핑),2025,53508.0
후디스노랑반코팅(13g),2025,132999.0
후디스다용도미니3P(노랑),2025,4312.0
후디스다용도미니3P(백색),2025,4591.0
후디스더블NBR(L)적,2025,2067.0
후디스더블NBR(L)파,2025,9417.0
후디스더블NBR(L)파(오른손1개),2025,0.0
후디스더블NBR(L)파(왼손1개),2025,0.0
후디스더블NBR(M)적,2025,1625.0
후디스더블NBR(M)파,2025,5900.0
후디스더블NBR(S)검,2025,240.0
후디스더블NBR(S)적,2025,872.0
후디스더블NBR(S)파,2025,1903.0
후디스면장갑1호(단추),2025,9590.0
후디스면장갑1호(무단추),2025,53300.0
후디스면장갑1호(무단추)(여성용),2025,4200.0
후디스면장갑1호(밴드),2025,10200.0
후디스면장갑2P(슈퍼용),2025,1200.0
후디스면장갑2호(단추),2025,44010.0
후디스면장갑2호(무단추),2025,28140.0
후디스면장갑2호(밴드),2025,42460.0
후디스면장갑3호(단추),2025,67789.0
후디스면장갑3호(단추)(납품용),2025,146000.0
후디스면장갑3호(무단추),2025,12040.0
후디스면장갑4호,2025,68560.0
후디스면장갑4호(여성용),2025,700.0
후디스면장갑왕특단(무단추),2025,6921.0
후디스미니(L)노(10P),2025,22389.0
"후디스미니(L)노(10P) ""바코드작업""",2025,210.0
후디스미니(L)흰(10P),2025,48102.0
후디스미니(S)노(10P),2025,8868.0
"후디스미니(S)노(10P) ""바코드작업""",2025,180.0
후디스미니(S)흰(10P),2025,25356.0
후디스미니(free)노(10P)(M)(A),2025,18673.0
후디스미니(free)흰(10P)(M)(A),2025,46478.0
후디스반코팅(10P)(J),2025,31292.0
후디스반코팅(10P)(J)영남,2025,11669.0
후디스실장갑2P,2025,1800.0
후디스실장갑32g(10P),2025,6104.0
후디스실장갑37g(10P)영남(Y),2025,1200.0
후디스실장갑37g-연두(10P),2025,44490.0
후디스실장갑42g-주황(10P),2025,19404.0
후디스실장갑47g-빨강(10P),2025,23896.0
후디스실장갑52g-녹색(10P),2025,8801.0
후디스실장갑60g(10P),2025,9005.0
후디스에어폼(L)적,2025,29.0
후디스에어폼(L)파,2025,27838.0
후디스에어폼(M)적,2025,1459.0
후디스에어폼(M)파,2025,15206.0
후디스에어폼(S)검,2025,452.0
후디스에어폼(S)적,2025,313.0
후디스에어폼(S)파,2025,5532.0
후디스에어폼내피(L)파,2025,29000.0
후디스에어폼내피(S)파,2025,2000.0
후디스엠보싱(노랑)기모,2025,17540.0
후디스엠보싱(노랑)사계(10-8A),2025,86002.0
후디스엠보싱(노랑)여성용(사계),2025,1600.0
후디스엠보싱(노랑)여성용(하계),2025,2020.0
후디스엠보싱(노랑)하계,2025,25544.0
후디스엠보싱(백색)하계,2025,0.0
후디스엠보싱(적색)사계(10-8AAA),2025,6921.0
후디스엠보싱(적색)여성용(사계),2025,960.0
후디스엠보싱(적색)여성용(하계),2025,250.0
후디스엠보싱(적색)하계,2025,7850.0
후디스엠보싱(초록)사계(10-8AA),2025,20758.0
후디스엠보싱(초록)하계,2025,11340.0
후디스엠보싱(파랑)기모,2025,610.0
후디스엠보싱(파랑)사계(10-8AAAA),2025,22080.0
후디스엠보싱(파랑)하계,2025,5278.0
후디스엠보싱장갑2P,2025,14.0
후디스위생200매,2025,9890.0
후디스위생50매,2025,63241.0
후디스장갑(M)핑오른손1개,2025,10923.0
후디스장갑(M)핑왼손1개,2025,4830.0
후디스장갑주름(L)핑오른손1개,2025,8088.0
후디스장갑주름(L)핑왼손1개,2025,3685.0
후디스줄기사10g,2025,188996.0
후디스줄기사13g,2025,8690.0
후디스줄기사13g(A),2025,257029.0
후디스쿨토시(검정),2025,11893.0
후디스쿨토시(남색),2025,467.0
후디스쿨토시(민트),2025,0.0
후디스쿨토시(백색),2025,8056.0
후디스쿨토시(보라),2025,382.0
후디스쿨토시(연핑크),2025,670.0
후디스쿨토시(초록),2025,59.0
후디스쿨토시(카키),2025,175.0
후디스쿨토시(파랑),2025,1155.0
후디스쿨토시(하늘),2025,614.0
후디스쿨토시(회색),2025,2235.0
후디스토시1P,2025,21827.0
후디스표백도트장갑1P,2025,91796.0
후디스하프,2025,10803.0
후디스흰반코팅(13g),2025,29140.0
3M 스폰지수세미(135),2026,120.0
3M 철수세미,2026,3840.0
EVA우의(백색),2026,100.0
NBR장갑(10켤레)(L),2026,55.0
NBR장갑(10켤레)(L)(U),2026,250.0
NBR장갑(10켤레)(M),2026,270.0
New태화특대(적),2026,2000.0
New태화특대(투),2026,800.0
New태화특대(핑),2026,300.0
PU제전장갑(M)top(10P),2026,10.0
고탄력도트 흰색 대,2026,60.0
고탄력블루 대(L),2026,950.0
고탄력블루 롱-대(L),2026,170.0
고탄력블루 롱-소(S),2026,690.0
고탄력블루 롱-중(M),2026,20.0
고탄력블루 소(S),2026,4070.0
고탄력블루 중(M),2026,2410.0
금강산,2026,41200.0
나비검정니트릴위생장갑100매(L),2026,3000.0
나비라텍스위생장갑(L),2026,3000.0
나비라텍스위생장갑(M),2026,6000.0
나비라텍스위생장갑(S),2026,3000.0
나비면(메리야스)완전코팅5P,2026,4000.0
나비파랑니트릴위생장갑100매(L),2026,3000.0
나비파랑니트릴위생장갑100매(M),2026,3000.0
나이스황이중코팅,2026,2600.0
나이스황이중코팅(제니스)(XL),2026,600.0
나일론내피(M)청,2026,60.0
나일론내피(M)회(10P),2026,10.0
다목적 접이식 가방,2026,4.0
대광PVC,2026,5720.0
대광TC예식,2026,277790.0
대광고무장갑(M)투,2026,12518.0
대광고무장갑(M)핑,2026,76717.0
대광고무장갑M(300입)적,2026,44830.0
대광고무장갑식품용-콤비(S)투명,2026,400.0
대광고무장갑주름(L)투,2026,19490.0
대광고무장갑주름(L)핑,2026,95594.0
대광고무장갑특대(XL)투,2026,2234.0
대광고무장갑특대(XL)핑,2026,8527.0
대광공업용황10호,2026,47381.0
대광공업용황12호,2026,10850.0
대광공업용황9호,2026,29950.0
대광공업용흑10호,2026,4937.0
대광공업용흑9호,2026,64.0
대광기누(L)백(10P)(3-4L),2026,493.0
대광기누(L)살(10P),2026,610.0
대광기누(L)청(10P)(3-2L),2026,4378.0
대광기누(L)커(10P),2026,586.0
대광기누(L)홍(10P)(3-3L),2026,1171.0
대광기누(M)백(10P),2026,110.0
대광기누(M)살(10P),2026,99.0
대광기누(M)청(10P)(3-2M),2026,1315.0
대광기누(M)커(10P),2026,34.0
대광기누(M)홍(10P)(3-3M),2026,221.0
대광기누(청)상L(10P),2026,150.0
대광기누(청)상M(10P),2026,70.0
대광기모고무장갑,2026,8123.0
대광노랑반코팅(10P),2026,451.0
대광노랑반코팅(10P)(A),2026,23062.0
대광노랑반코팅(10P)(J)(A),2026,18456.0
대광노랑반코팅(10P)(L)(A),2026,21417.0
대광노랑반코팅(1P)(A),2026,30200.0
대광면완전코팅(오래)(A),2026,60656.0
대광반코팅(10P)10G,2026,62950.0
대광반코팅(10P)10G(T),2026,25180.0
대광반코팅(10P)13g,2026,9287.0
대광반코팅(10P)13g(T),2026,4740.0
대광밴드예식,2026,54117.0
대광실완전코팅(5P)(영남),2026,230.0
대광실완전코팅(힘써),2026,300.0
대광실완전코팅(힘써)(A),2026,260192.0
대광실완전코팅(힘써)(L)(A),2026,15180.0
대광실장갑35g(10P),2026,1290.0
대광실장갑40g(10P),2026,780.0
대광실장갑45g(10P),2026,540.0
대광실장갑50g(10P),2026,153.0
대광예식(단추),2026,29453.0
대광예식(무단추),2026,6210.0
대광피특대,2026,40.0
대광흰반코팅(10P)(L)(A),2026,4270.0
동원반코팅(10P),2026,450.0
동원실완전코팅(A),2026,500.0
두말표고무장갑,2026,47013.0
두말표고무장갑(오른손),2026,1750.0
두말표고무장갑(왼손),2026,4500.0
등천,2026,1500.0
레자토시(고무줄),2026,500.0
레자토시(시보리),2026,300.0
렉션개나리,2026,1750.0
렉션미니(투명)10P,2026,20.0
렉션주황12호(여성용),2026,240.0
렉션황10호,2026,100.0
렉션황12호,2026,180.0
로얄블루수입(L)(10P),2026,145.0
로얄블루수입(M)(10P),2026,80.0
로얄블루수입(S)(10P),2026,20.0
마미손(대)오른손하나,2026,1200.0
마미손(대)왼손하나,2026,1140.0
마미손(소)오른손하나,2026,60.0
마미손(소)왼손하나,2026,60.0
마미손(중)오른손하나,2026,2160.0
마미손(중)왼손하나,2026,900.0
마미손골드,2026,11600.0
마미손미니(핑),2026,1000.0
마미손위생50매(국산)-50각(2호),2026,4000.0
마미손위생50매(중국)-50각,2026,7150.0
마미손칼라고무장갑(그레이)(L),2026,1000.0
마미손칼라고무장갑(그레이)(M),2026,500.0
마미손칼라고무장갑(그린)(L),2026,800.0
마미손클래식,2026,1048.0
마미손특대(적),2026,13400.0
마미손특대(투),2026,100.0
마미손특대오른손2개(100입),2026,100.0
마미손특대왼손2개(100입),2026,100.0
마미손패스,2026,5900.0
마미손플라워,2026,1350.0
마미손핑크밴드,2026,1500.0
마미손화이트,2026,300.0
마이핸고무장갑신단보,2026,24400.0
마이핸고무장갑왕신단보,2026,62910.0
마이핸니트릴위생장갑100매(L),2026,5700.0
마이핸니트릴위생장갑100매(M),2026,1090.0
마이핸미니(L)노(10P),2026,6120.0
마이핸미니(L)투(10P),2026,2620.0
마이핸미니(M)노(10P),2026,8540.0
마이핸미니(M)투(10P),2026,2100.0
마이핸미니(S)노(10P),2026,3480.0
마이핸미니(S)투(10P),2026,1160.0
마이핸미용(L),2026,99000.0
마이핸미용(M),2026,241000.0
마이핸미용(S),2026,111000.0
마이핸프리미엄100매(라텍스위생)(L),2026,100.0
멀티등외품,2026,1200.0
멀티등외품(A),2026,5260.0
메란지내피(L)오바록,2026,138000.0
메란지내피(M)오바록,2026,68000.0
메란지내피(S)오바록,2026,36000.0
면마스크(백색)(A),2026,2000.0
백나일론(남성용)10P,2026,10.0
백나일론(해광)10P,2026,3070.0
백보루,2026,670.0
봉지철,2026,5500.0
빠레트 운임 할인분,2026,1.0
새마을노랑반코팅,2026,100.0
새마을도트(대)검10P,2026,635.0
새마을도트(대)적10P,2026,5.0
새마을도트(대)파10P,2026,138.0
새마을도트(대)회10P,2026,165.0
새마을도트(소)검10P,2026,156.0
새마을도트(소)적10P,2026,65.0
새마을도트(소)파10P,2026,70.0
새마을도트(소)회10P,2026,30.0
새마을도트(중)검10P,2026,639.0
새마을도트(중)백10P,2026,50.0
새마을도트(중)적10P,2026,65.0
새마을도트(중)파10P,2026,180.0
새마을도트(중)회10P,2026,115.0
새마을면완전코팅,2026,700.0
새마을실완전코팅,2026,3700.0
새마을이중코팅,2026,38620.0
손사랑T/C예식(1000입),2026,272514.0
손사랑반코팅(10P),2026,23200.0
솔벡스(GN-8호),2026,150.0
솔벡스10호,2026,432.0
스카지,2026,1900.0
스텐집게,2026,62.0
실장갑40g(10P)(A),2026,2720.0
실장갑40g(10P)(여성용)(A),2026,2500.0
실장갑45g(10P),2026,9530.0
실장갑45g(10P)(A),2026,3660.0
실장갑45g(10P)(U),2026,750.0
실장갑50g(10P),2026,380.0
쎄라손고무장갑신단보,2026,34520.0
쎄라손고무장갑왕신단보,2026,35783.0
쎄라손노랑반코팅(10P),2026,14043.0
쎄라손미니(L)노(10P),2026,4868.0
쎄라손미니(L)투(10P),2026,2955.0
쎄라손미니(M)노(10P),2026,4870.0
쎄라손미니(M)투(10P),2026,3912.0
쎄라손미니(S)노(10P),2026,2019.0
쎄라손미니(S)투(10P),2026,731.0
쎄라손미용(L),2026,225740.0
쎄라손미용(M),2026,364074.0
쎄라손미용(S),2026,233893.0
쎄라손반코팅(10P),2026,48084.0
쎄라손흰반코팅(10P),2026,1590.0
아르곤 갈색 내피,2026,1010.0
아르곤 백색 덧내피,2026,920.0
아르곤 회색 돈피,2026,5.0
어린이장갑30매,2026,200.0
오라이트왕특대(투),2026,650.0
오런 바로톡메디장갑125매(L),2026,6419.0
오런 바로톡메디장갑125매(M),2026,10797.0
오런 바로톡메디장갑125매(S),2026,7562.0
오런#100(L),2026,6931.0
오런#100(XL),2026,22859.0
오런#100(XXL),2026,7872.0
오런#200(절단방지내피)(L),2026,70.0
오런#200(절단방지내피)(M),2026,630.0
오런NBR장갑(10켤레)(L)(U),2026,166.0
오런NBR장갑(10켤레)(M)(U),2026,100.0
오런검정니트릴위생장갑100매(L),2026,39736.0
오런검정니트릴위생장갑100매(M),2026,61676.0
오런검정니트릴위생장갑100매(S),2026,28673.0
오런검정니트릴위생장갑100매(XL),2026,2458.0
오런고탄력PU(L)검 손바닥(10P),2026,105.0
오런고탄력PU(L)검 손바닥(10P)(U),2026,135.0
오런고탄력PU(L)백 손바닥(10P),2026,100.0
오런고탄력PU(L)회 손바닥(10P),2026,95.0
오런고탄력PU(L)회 손바닥(10P)(U),2026,386.0
오런고탄력PU(L)회 손바닥(10P)(U)(A),2026,60.0
오런고탄력PU(M)검 손바닥(10P),2026,175.0
오런고탄력PU(M)검 손바닥(10P)(U),2026,190.0
오런고탄력PU(M)백 손바닥(10P),2026,15.0
오런고탄력PU(M)회 손끝(10P),2026,20.0
오런고탄력PU(M)회 손바닥(10P),2026,125.0
오런고탄력PU(M)회 손바닥(10P)(U),2026,245.0
오런고탄력PU(M)회 손바닥(10P)(U)(A),2026,60.0
오런고탄력PU(S)검 손바닥(10P),2026,101.0
오런고탄력PU(S)검 손바닥(10P)(U),2026,163.0
오런고탄력PU(S)회 손끝(10P),2026,30.0
오런고탄력PU(S)회 손바닥(10P),2026,125.0
오런고탄력PU(S)회 손바닥(10P)(U),2026,40.0
오런고탄력PU(S)회 손바닥(10P)(U)(A),2026,10.0
오런고탄력PU(XL)검 손바닥(10P),2026,62.0
오런고탄력PU(XL)검 손바닥(10P)(U),2026,48.0
오런고탄력PU(XL)회 손바닥(10P),2026,140.0
오런고탄력PU(XL)회 손바닥(10P)(U),2026,167.0
오런고탄력도트(L)검,2026,7465.0
오런고탄력도트(L)백,2026,5855.0
오런고탄력도트(L)회,2026,10810.0
오런고탄력도트(M)검,2026,8775.0
오런고탄력도트(M)백,2026,10905.0
오런고탄력도트(M)회,2026,13035.0
오런고탄력도트(S)검,2026,1562.0
오런고탄력도트(S)백,2026,6824.0
오런고탄력도트(S)회,2026,5610.0
오런고탄력블루(L)long(U),2026,2538.0
오런고탄력블루(M)long(U),2026,5056.0
오런고탄력블루(S)long(U),2026,5987.0
오런고탄력블루1P(L)(U),2026,13191.0
오런고탄력블루1P(M)(U),2026,24750.0
오런고탄력블루1P(S)(U),2026,23685.0
오런기사님3P,2026,2940.0
오런니트릴위생20매(L)화이트,2026,5131.0
오런니트릴위생20매(M)화이트,2026,7962.0
오런니트릴위생20매(S)화이트,2026,4107.0
오런라이트(L)회,2026,95577.0
오런라이트(M)회,2026,67554.0
오런라이트(S)회,2026,32577.0
오런라이트B급,2026,141.0
오런라텍스위생장갑100매(L),2026,21487.0
오런라텍스위생장갑100매(M),2026,49798.0
오런라텍스위생장갑100매(S),2026,16897.0
오런라텍스위생장갑10매(M)(RRP),2026,10556.0
오런멀티1P(L)검,2026,69305.0
오런멀티1P(L)남색,2026,4.0
오런멀티1P(L)회,2026,29601.0
오런멀티1P(M)검,2026,44656.0
오런멀티1P(M)회,2026,14171.0
오런멀티1P(S)검,2026,24368.0
오런멀티1P(S)자주,2026,588.0
오런멀티1P(S)회,2026,7531.0
오런멀티5P(L)검,2026,3586.0
오런멀티5P(L)적,2026,61.0
오런멀티5P(L)회,2026,1370.0
오런멀티5P(M)검,2026,5501.0
오런멀티5P(M)적,2026,32.0
오런멀티5P(M)회,2026,2310.0
오런멀티5P(S)검,2026,3929.0
오런멀티5P(S)회,2026,1596.0
오런반코팅10P,2026,4710.0
오런반코팅1P,2026,2700.0
오런반코팅3P(신규바코드),2026,3196.0
오런소프트(L)파,2026,2556.0
오런소프트(M)파,2026,1599.0
오런소프트(S)파,2026,475.0
오런실장갑10P(A),2026,4480.0
오런실장갑1P(New),2026,6200.0
오런실장갑32g(10P),2026,13380.0
오런실장갑35죽포(10P),2026,3345.0
오런실장갑35죽포(10P)(A),2026,299.0
오런실장갑35죽포(10P)(U),2026,32265.0
오런실장갑37g-연두(10P),2026,79964.0
오런실장갑3P,2026,3762.0
오런실장갑42g(10P)영남(A),2026,1200.0
오런실장갑42g(10P)영남(Y),2026,7110.0
오런실장갑42g-주황(10P),2026,35119.0
오런실장갑47g-빨강(10P),2026,45450.0
오런실장갑52g-초록(10P),2026,6507.0
오런실장갑60g(10P),2026,1900.0
오런알로에텍스위생10매(M),2026,200.0
오런에어폼(L)회,2026,3578.0
오런에어폼(L)회_걸이,2026,200.0
오런에어폼(M)하늘,2026,130.0
오런에어폼(M)회,2026,4581.0
오런에어폼(M)회_걸이,2026,240.0
오런에어폼(S)핑,2026,221.0
오런에어폼(S)회,2026,3315.0
오런에어폼(S)회_걸이,2026,1570.0
오런예식10P(영남),2026,1740.0
오런오렌지이중코팅(A),2026,100.0
오런오렌지황이중코팅,2026,100.0
오런오렌지황이중코팅(A),2026,54654.0
오런용접장갑(소),2026,400.0
오런줄기사3P,2026,980.0
오런청포도이중코팅,2026,200.0
오런청포도이중코팅(A),2026,118031.0
오런커피위생(L)10P,2026,480.0
오런커피위생(M)10P,2026,1200.0
오런탑(M)하늘,2026,400.0
오런탑(S)핑크,2026,300.0
오런탑도트(L)회,2026,9147.0
오런탑도트(M)하늘,2026,296.0
오런탑도트(M)회,2026,17591.0
오런탑도트(S)회,2026,15657.0
오런토시2P,2026,3.0
오런톡톡니트릴125매(L)검정,2026,512.0
오런톡톡니트릴125매(L)화이트,2026,619.0
오런톡톡니트릴125매(M)검정,2026,1052.0
오런톡톡니트릴125매(M)화이트,2026,928.0
오런톡톡니트릴125매(S)검정,2026,592.0
오런톡톡니트릴125매(S)화이트,2026,514.0
오런투라인10P(영남),2026,960.0
오런투라인장갑10P(식자재),2026,542.0
오런파랑니트릴위생장갑100매(L),2026,6154.0
오런파랑니트릴위생장갑100매(M),2026,8042.0
오런파랑니트릴위생장갑100매(S),2026,4191.0
오런포리PU(L)검 손바닥(10P)(U),2026,6102.0
오런포리PU(L)검1P(U),2026,5536.0
오런포리PU(L)백 손끝(10P),2026,91.0
오런포리PU(L)백 손끝(10P)(U),2026,194.0
오런포리PU(L)백 손바닥(10P)(A),2026,178.0
오런포리PU(L)백 손바닥(10P)(U),2026,193.0
오런포리PU(L)회 손끝(10P),2026,629.0
오런포리PU(L)회 손끝(10P)(U),2026,1934.0
오런포리PU(L)회 손바닥(10P)(A),2026,1354.0
오런포리PU(L)회 손바닥(10P)(U),2026,5005.0
오런포리PU(L)회1P(U),2026,4430.0
"오런포리PU(L)회손바닥(10P)(A)""바코드작업",2026,100.0
오런포리PU(L)회손바닥(10P)(U)바코드작업,2026,200.0
오런포리PU(M)검 손바닥(10P)(U),2026,5970.0
오런포리PU(M)검1P(U),2026,5902.0
오런포리PU(M)백 손끝(10P),2026,126.0
오런포리PU(M)백 손끝(10P)(U),2026,1057.0
오런포리PU(M)백 손바닥(10P)(A),2026,101.0
오런포리PU(M)백 손바닥(10P)(U),2026,118.0
오런포리PU(M)회 손끝(10P),2026,1214.0
오런포리PU(M)회 손끝(10P)(U),2026,2763.0
오런포리PU(M)회 손바닥(10P)(A),2026,1067.0
오런포리PU(M)회 손바닥(10P)(U),2026,6162.0
오런포리PU(M)회1P(U),2026,4060.0
"오런포리PU(M)회손바닥(10P)(A)""바코드작업",2026,50.0
오런포리PU(M)회손바닥(10P)(U)바코드작업,2026,200.0
오런포리PU(S)검 손바닥(10P)(U),2026,1638.0
오런포리PU(S)검1P(U),2026,2259.0
오런포리PU(S)백 손끝(10P),2026,73.0
오런포리PU(S)백 손끝(10P)(U),2026,984.0
오런포리PU(S)백 손바닥(10P),2026,0.0
오런포리PU(S)백 손바닥(10P)(A),2026,96.0
오런포리PU(S)백 손바닥(10P)(U),2026,63.0
오런포리PU(S)회 손끝(10P),2026,714.0
오런포리PU(S)회 손끝(10P)(U),2026,2642.0
오런포리PU(S)회 손바닥(10P)(U),2026,2965.0
오런포리PU(S)회1P(U),2026,1857.0
오런포리PU(XL)검 손바닥(10P)(A),2026,50.0
오런포리PU(XL)검 손바닥(10P)(U),2026,350.0
오런포리PU(XL)회 손바닥(10P)(A),2026,55.0
오런포리PU(XL)회 손바닥(10P)(U),2026,117.0
오런포리도트(L)회,2026,3380.0
오런포리도트(M)회,2026,25562.0
오런포리도트(S)회,2026,13430.0
오런표백도트장갑10P(식자재),2026,180.0
오런표백실장갑5P(영남),2026,960.0
오런하늘코팅(M),2026,44889.0
오런행사용장갑10P(식자재),2026,902.0
오런행사용장갑2P(밴드),2026,3692.0
용접소(내피무),2026,100.0
우의 백색,2026,4500.0
위생장갑(하품),2026,2000.0
은박방수토시(고무줄),2026,890.0
은박방수토시(시보리),2026,2000.0
응원장갑(청),2026,760.0
잡보루,2026,85.0
절단방지코팅장갑(CUT3)(L)백색,2026,1960.0
절단방지코팅장갑(L),2026,250.0
절단방지코팅장갑(L)1P,2026,30.0
절단방지코팅장갑(M),2026,1.0
줄기사10g(10P),2026,460.0
지연입고 상금,2026,1.0
진광말표(핑),2026,1200.0
찔레꽃 망사 밤색,2026,160.0
찔레꽃 망사 흑색,2026,120.0
찔레꽃면장갑,2026,1680.0
찔레꽃면장갑(검정),2026,100.0
천일 메니큐어(L),2026,500.0
천일 메니큐어(M),2026,200.0
천일도트,2026,700.0
천일표,2026,41690.0
청앞치마(중),2026,200.0
청토시(100입),2026,2250.0
청토시(100입)겨울용,2026,180.0
청포도 + 오렌지 작업 필요,2026,40.0
코스모스,2026,499.0
크린랲 위생 50매,2026,450.0
크린랲간편고무장갑(10컬레),2026,15360.0
크린랲면장갑10켤레(1호),2026,30.0
크린랲면장갑10켤레(2호),2026,2460.0
크린랲면장갑3켤레,2026,11700.0
크린랲미니,2026,320.0
크린랲반코팅장갑10켤레,2026,2910.0
크린랲반코팅장갑3켤레,2026,10400.0
크린랲엠보싱장갑2켤레,2026,3000.0
크린랲예식장갑2켤레,2026,17200.0
크린랲완전코팅,2026,1200.0
크린랲투라인장갑3켤레,2026,10200.0
키친센스(손목긴위생),2026,100.0
태화(L)대(적),2026,8080.0
태화(L)대(투),2026,1680.0
태화(L)대(핑),2026,1300.0
태화XL특대(적),2026,1954.0
태화XL특대(투),2026,1000.0
태화XL특대(핑),2026,900.0
태화꽃밴(적),2026,4300.0
태화꽃밴(투),2026,3900.0
태화꽃밴(핑),2026,12650.0
태화단보,2026,100.0
태화롤백(소)500매,2026,240.0
태화롤백(중)500매,2026,348.0
태화롤팩(대)500매,2026,266.0
태화마파,2026,100.0
태화미니,2026,1630.0
태화선밴(적),2026,2410.0
태화선밴(투),2026,10980.0
태화선밴(핑),2026,13500.0
태화올A,2026,3400.0
태화위생100매,2026,450.0
태화위생200매,2026,1140.0
태화위생50매,2026,5000.0
태화팩(대),2026,300.0
태화팩(소),2026,600.0
태화팩(중),2026,950.0
토시,2026,45850.0
파일럿2-3(무단추),2026,1000.0
파일럿2-6(단추),2026,4200.0
파일럿2-6K(무단추),2026,52940.0
파일럿TC(단추),2026,4000.0
편안손특대(투),2026,200.0
포리내피(L)검(10P),2026,475.0
포리내피(L)백(10P),2026,2752.0
포리내피(L)회(10P),2026,1571.0
포리내피(M)검(10P),2026,1021.0
포리내피(M)백(10P),2026,3201.0
포리내피(M)회(10P),2026,2474.0
포리내피(S)검(10P),2026,341.0
포리내피(S)백(10P),2026,166.0
포리내피(S)회(10P),2026,1348.0
표백도트장갑(10P),2026,1310.0
표백실장갑(10P),2026,1076.0
한스피엠아이 메디 차액 정산,2026,140.0
화로장갑(L)(1P),2026,44.0
화로장갑(M)(1P),2026,89.0
화로장갑(long)(L)(1P),2026,15.0
화로장갑(long)(M)(1P),2026,4.0
화이트앤블랙장갑100매(L),2026,854.0
화이트앤블랙장갑100매(M),2026,1695.0
화이트앤블랙장갑100매(S),2026,689.0
후디스PU코팅(L)(검)1P(신규바코드),2026,310.0
후디스PU코팅(L)(회)1P(신규바코드),2026,420.0
후디스PU코팅(L)회1P,2026,120.0
후디스PU코팅(M)(검)1P(신규바코드),2026,460.0
후디스PU코팅(M)(회)1P(신규바코드),2026,660.0
후디스PU코팅(S)(검)1P(신규바코드),2026,500.0
후디스PU코팅(S)(회)1P(신규바코드),2026,120.0
후디스고무장갑(L)투(5P)(A),2026,1159.0
"후디스고무장갑(L)핑(5P) ""바코드작업""",2026,380.0
후디스고무장갑(L)핑(5P)(A),2026,1608.0
후디스고무장갑(M)적,2026,13951.0
후디스고무장갑(M)적(5P),2026,20.0
후디스고무장갑(M)투,2026,25095.0
후디스고무장갑(M)투(5P)(A),2026,1200.0
후디스고무장갑(M)투(A),2026,5.0
후디스고무장갑(M)핑,2026,27217.0
후디스고무장갑(M)핑 왼손,2026,96.0
"후디스고무장갑(M)핑(5P) ""바코드작업""",2026,320.0
후디스고무장갑(M)핑(5P)(A),2026,1609.0
후디스고무장갑(S)투(5P)(A),2026,760.0
후디스고무장갑(S)핑,2026,4777.0
"후디스고무장갑(S)핑(5P) ""바코드작업""",2026,200.0
후디스고무장갑(S)핑(5P)(A),2026,300.0
후디스고무장갑(S)핑(A),2026,4000.0
후디스고무장갑(XL)투(5P)(A),2026,480.0
"후디스고무장갑(XL)핑(5P)""바코드작업""",2026,220.0
후디스고무장갑(XL)핑(5P)(A),2026,628.0
후디스고무장갑2+1(대),2026,1285.0
후디스고무장갑2+1(소)투명,2026,268.0
후디스고무장갑2+1(소)핑크,2026,329.0
후디스고무장갑2+1(중),2026,1682.0
후디스고무장갑식품용,2026,251435.0
후디스고무장갑왕특대(XXL)투,2026,22759.0
후디스고무장갑왕특대(XXL)핑,2026,15091.0
후디스고무장갑주름(L)적,2026,22060.0
후디스고무장갑주름(L)투,2026,73101.0
후디스고무장갑주름(L)핑,2026,49548.0
후디스고무장갑주름(L)핑 오른손,2026,100.0
후디스고무장갑주름(L)핑 왼손,2026,108.0
후디스고무장갑주름(L)핑(A),2026,230.0
후디스고무장갑주름(L)핑(N),2026,3723.0
후디스고무장갑특대(적),2026,14249.0
후디스고무장갑특대(투),2026,28475.0
후디스고무장갑특대(핑),2026,35289.0
후디스노랑반코팅(13g),2026,62870.0
후디스다용도미니3P(노랑),2026,8547.0
후디스다용도미니3P(백색),2026,2739.0
후디스더블NBR(L)적,2026,407.0
후디스더블NBR(L)파,2026,3890.0
후디스더블NBR(L)파(오른손1개),2026,30.0
후디스더블NBR(L)파(왼손1개),2026,30.0
후디스더블NBR(M)적,2026,254.0
후디스더블NBR(M)파,2026,2298.0
후디스더블NBR(S)검,2026,145.0
후디스더블NBR(S)적,2026,255.0
후디스더블NBR(S)파,2026,655.0
후디스면장갑1호(단추),2026,3690.0
후디스면장갑1호(무단추),2026,21260.0
후디스면장갑1호(무단추)(여성용),2026,1800.0
후디스면장갑1호(밴드),2026,5300.0
후디스면장갑2P(슈퍼용),2026,350.0
후디스면장갑2호(단추),2026,18270.0
후디스면장갑2호(무단추),2026,24640.0
후디스면장갑2호(밴드),2026,18060.0
후디스면장갑3호(단추),2026,32080.0
후디스면장갑3호(단추)(납품용),2026,75400.0
후디스면장갑3호(무단추),2026,10571.0
후디스면장갑4호,2026,34929.0
후디스면장갑4호(여성용),2026,900.0
후디스면장갑왕특단(무단추),2026,3500.0
후디스미니(L)노(10P),2026,16169.0
"후디스미니(L)노(10P) ""바코드작업""",2026,120.0
후디스미니(L)흰(10P),2026,33971.0
후디스미니(S)노(10P),2026,6274.0
"후디스미니(S)노(10P) ""바코드작업""",2026,120.0
후디스미니(S)흰(10P),2026,18117.0
후디스미니(free)노(10P)(M)(A),2026,11816.0
후디스미니(free)흰(10P)(M)(A),2026,33204.0
후디스반코팅(10P)(J),2026,14177.0
후디스반코팅(10P)(J)영남,2026,4410.0
후디스실장갑2P,2026,900.0
후디스실장갑32g(10P),2026,4010.0
후디스실장갑37g(10P)영남(Y),2026,5310.0
후디스실장갑37g-연두(10P),2026,30550.0
후디스실장갑42g-주황(10P),2026,14899.0
후디스실장갑47g-빨강(10P),2026,10981.0
후디스실장갑52g-녹색(10P),2026,5140.0
후디스실장갑60g(10P),2026,6592.0
후디스에어폼(L)적,2026,45.0
후디스에어폼(L)파,2026,14189.0
후디스에어폼(M)적,2026,734.0
후디스에어폼(M)파,2026,7260.0
후디스에어폼(S)검,2026,610.0
후디스에어폼(S)적,2026,407.0
후디스에어폼(S)파,2026,2580.0
후디스에어폼내피(L)파,2026,14000.0
후디스에어폼내피(S)파,2026,4000.0
후디스엠보싱(노랑)기모,2026,12220.0
후디스엠보싱(노랑)사계(10-8A),2026,42269.0
후디스엠보싱(노랑)여성용(사계),2026,1671.0
후디스엠보싱(노랑)여성용(하계),2026,350.0
후디스엠보싱(노랑)하계,2026,8715.0
후디스엠보싱(백색)하계,2026,300.0
후디스엠보싱(적색)사계(10-8AAA),2026,5530.0
후디스엠보싱(적색)여성용(사계),2026,550.0
후디스엠보싱(적색)여성용(하계),2026,580.0
후디스엠보싱(적색)하계,2026,2640.0
후디스엠보싱(초록)사계(10-8AA),2026,11575.0
후디스엠보싱(초록)하계,2026,5770.0
후디스엠보싱(파랑)기모,2026,1670.0
후디스엠보싱(파랑)사계(10-8AAAA),2026,8681.0
후디스엠보싱(파랑)하계,2026,3859.0
후디스엠보싱장갑2P,2026,4.0
후디스위생200매,2026,4921.0
후디스위생50매,2026,31907.0
후디스장갑(M)핑오른손1개,2026,6258.0
후디스장갑(M)핑왼손1개,2026,3684.0
후디스장갑주름(L)핑오른손1개,2026,4282.0
후디스장갑주름(L)핑왼손1개,2026,1565.0
후디스줄기사10g,2026,104805.0
후디스줄기사13g,2026,8650.0
후디스줄기사13g(A),2026,139390.0
후디스쿨토시(검정),2026,6981.0
후디스쿨토시(남색),2026,458.0
후디스쿨토시(민트),2026,9.0
후디스쿨토시(백색),2026,3697.0
후디스쿨토시(보라),2026,463.0
후디스쿨토시(연핑크),2026,399.0
후디스쿨토시(초록),2026,226.0
후디스쿨토시(카키),2026,0.0
후디스쿨토시(파랑),2026,1083.0
후디스쿨토시(하늘),2026,591.0
후디스쿨토시(회색),2026,1368.0
후디스토시1P,2026,10952.0
후디스표백도트장갑1P,2026,50353.0
후디스하프,2026,7175.0
후디스흰반코팅(13g),2026,14030.0
